venta_id,fecha_venta,tienda,categoria,producto,cantidad,precio_unitario,monto_total,metodo_pago
V000067,2025-06-16,Lima Centro,hogar,Organizador,1,229.23,229.23,Plin
V001431,2025-06-05,Cusco,Juguetes,Set de bloques,1,293.59,293.59,Tarjeta
V000204,2025-05-05,Trujillo, Electronica ,Monitor 24,2,403.85,807.70,Yape
V001490,2025-05-11,Trujillo,Alimentos,Chocolate 70%,5,448.14,2240.70,Efectivo
V001868,2025-05-28,Arequipa,hogar,Lampara LED,0,38.95,0.00,Transferencia
V001793,2025-04-16,Lima Centro, alimentos,Chocolate 70%,4,123.61,494.44,Tarjeta
V000767,2025-06-24,Lima Centro,electronica,Cargador USB-C,2,409.88,819.76,Transferencia
V001019,2025-05-18,Arequipa,Alimentos,Cafe molido 500g,3,238.48,715.44,Tarjeta
V001672,2025-06-14,Lima Centro,ELECTRONICA,Teclado mecanico,2,346.30,692.60,Plin
V000976,2025-04-16,Trujillo,Electronica,Cargador USB-C,4,381.51,1526.04,Tarjeta
V001161,2025-04-26,Miraflores, alimentos,Chocolate 70%,2,108.78,217.56,Transferencia
V001828,2025-06-28,Lima Centro, alimentos,Chocolate 70%,5,130.52,-242.25,Efectivo
V000700,2025-04-02,Trujillo,juguetes,Set de bloques,1,371.48,371.48,Transferencia
V000360,2025-06-06,Arequipa,Electronica,Teclado mecanico,3,191.18,573.54,Yape
V000511,2025-04-03,Lima Centro,ROPA,Polo algodon,2,238.92,477.84,Plin
V001113,2025-04-24,Lima Centro,juguetes,Peluche mediano,1,451.77,451.77,Efectivo
V001909,2025-06-02,Lima Centro, alimentos,Aceite de oliva,1,369.90,369.90,Transferencia
V000509,2025-04-23,Cusco, Electronica ,Audifonos BT,3,260.34,781.02,Yape
V000167,2025-04-13,Miraflores,Ropa,Casaca impermeable,1,324.16,324.16,Yape
V001292,2025-04-10,Arequipa,Hogar,Olla antiadherente,2,225.73,-27.04,Plin
V001917,2025-04-07,Miraflores,ALIMENTOS,Cafe molido 500g,1,232.65,232.65,Efectivo
V000272,2025-05-14,Arequipa,Electronica,Teclado mecanico,1,373.50,373.50,Plin
V001754,2025-05-08,Miraflores,hogar,Organizador,4,121.00,484.00,Efectivo
V000531,2025-04-10,Trujillo,electronica,Monitor 24,5,372.31,1861.55,Efectivo
V001944,2025-04-27,Trujillo,Electronica,Teclado mecanico,3,401.33,1203.99,Transferencia
V001987,2025-04-05,Trujillo,Ropa,Casaca impermeable,5,220.12,1100.60,Transferencia
V001179,2025-06-29,Lima Centro,ropa ,Polo algodon,1,91.00,91.00,Tarjeta
V001327,2025-05-03,Lima Centro,ALIMENTOS,Chocolate 70%,2,418.62,837.24,Yape
V001851,2025-05-21,Arequipa,Electronica,Teclado mecanico,4,477.59,1910.36,Yape
V001915,2025-05-14,Cusco, alimentos,Cafe molido 500g,4,230.54,-193.87,Tarjeta
V001902,2025-05-02,Trujillo,juguetes,Set de bloques,1,144.91,144.91,Efectivo
V001650,2025-04-27,Lima Centro,juguetes,Set de bloques,1,462.48,462.48,Plin
V001539,2025-06-10,Miraflores,Hogar,Lampara LED,2,310.62,621.24,Yape
V001332,2025-04-03,Arequipa,ELECTRONICA,Cargador USB-C,1,121.86,121.86,
V001535,2025-04-07,Cusco,Alimentos,Cafe molido 500g,4,442.22,1768.88,Transferencia
V000032,2025-06-05,Trujillo,Hogar,Olla antiadherente,2,19.17,38.34,Yape
V000854,2025-04-04,Miraflores,,Lampara LED,2,403.76,807.52,Plin
V000572,2025-06-24,Trujillo,HOGAR ,Olla antiadherente,2,301.57,603.14,Plin
V001565,2025-06-20,Arequipa,Ropa,Jean clasico,2,447.41,894.82,Tarjeta
V000610,2025-06-03,Lima Centro,ROPA,Zapatillas urbanas,1,97.17,97.17,Plin
V000446,2025-05-18,Miraflores,ropa ,Casaca impermeable,1,177.57,177.57,Plin
V001575,2025-05-25,Lima Centro,ROPA,Jean clasico,1,103.94,103.94,Efectivo
V001854,2025-05-26,Miraflores,hogar,Lampara LED,4,280.61,1122.44,Yape
V001414,2025-06-20,Lima Centro,ropa ,Zapatillas urbanas,2,247.47,494.94,Transferencia
V001525,2025-04-04,Miraflores,electronica,Monitor 24,5,433.35,2166.75,Tarjeta
V001645,2025-04-06,Miraflores,HOGAR ,Olla antiadherente,1,458.20,458.20,Tarjeta
V001338,2025-06-24,Lima Centro,ELECTRONICA,Audifonos BT,2,381.40,762.80,Yape
V000594,2025-05-01,Trujillo,electronica,Audifonos BT,2,127.41,254.82,Efectivo
V001504,2025-05-05,Lima Centro,juguetes,Peluche mediano,1,266.04,266.04,Transferencia
V000010,2025-05-26,Miraflores,juguetes,Set de bloques,2,466.35,-219.01,Yape
V001674,2025-06-19,Cusco,juguetes,Set de bloques,1,400.56,400.56,Yape
V001113,2025-04-24,Lima Centro,juguetes,Peluche mediano,1,451.77,451.77,Efectivo
V001353,2025-04-06,Arequipa,Juguetes,Peluche mediano,5,143.55,717.75,Yape
V000321,2025-04-02,Cusco,juguetes,Rompecabezas 1000,1,236.01,236.01,Yape
V000231,2025-04-22,Arequipa, alimentos,Aceite de oliva,1,378.45,378.45,Yape
V000664,2025-04-01,Trujillo,ROPA,Casaca impermeable,3,263.09,789.27,Transferencia
V000583,2025-05-11,Miraflores, alimentos,Miel de abeja,2,171.93,343.86,Plin
V000835,2025-05-29,Arequipa,electronica,Teclado mecanico,0,53.98,0.00,Efectivo
V001443,2025-06-25,Trujillo,Juguetes,Peluche mediano,2,236.37,472.74,Transferencia
V001591,2025-04-09,Cusco,ALIMENTOS,Cafe molido 500g,1,362.19,362.19,Transferencia
V000919,2025-04-18,Lima Centro,,Casaca impermeable,4,392.13,1568.52,Efectivo
V000698,2025-04-13,Lima Centro,HOGAR ,Juego de sabanas,3,433.50,1300.50,Yape
V001184,2025-05-30,Trujillo,ROPA,Casaca impermeable,1,28.15,28.15,Plin
V000199,2025-05-19,Trujillo,Alimentos,Miel de abeja,2,475.39,950.78,Efectivo
V000150,2025-05-09,Trujillo,Electronica,Cargador USB-C,2,315.33,630.66,Transferencia
V001789,2025-05-22,Trujillo, Electronica ,Teclado mecanico,2,8.93,17.86,Yape
V001885,2025-05-24,Lima Centro,ropa ,Casaca impermeable,1,83.67,83.67,Efectivo
V001099,2025-05-15,Arequipa,Electronica,Cargador USB-C,1,52.64,52.64,Yape
V000470,2025-06-07,Arequipa,Ropa,Polo algodon,5,246.83,1234.15,Plin
V001984,2025-05-12,Lima Centro,,Jean clasico,5,319.45,1597.25,Plin
V000248,2025-06-17,Lima Centro,Electronica,Mouse inalambrico,4,352.54,1410.16,Efectivo
V001217,2025-05-18,Trujillo,ropa ,Jean clasico,3,350.77,1052.31,Tarjeta
V000688,2025-04-04,Miraflores,ELECTRONICA,Audifonos BT,3,22.17,66.51,Yape
V001536,2025-06-28,Cusco,Juguetes,Rompecabezas 1000,1,76.77,76.77,
V001900,2025-06-13,Lima Centro,ropa ,Zapatillas urbanas,1,181.57,181.57,Transferencia
V001502,2025-05-06,Lima Centro,HOGAR ,Organizador,1,131.75,131.75,Tarjeta
V000857,2025-04-12,Lima Centro,ropa ,Polo algodon,4,405.91,1623.64,Yape
V000974,2025-06-08,Trujillo,ELECTRONICA,Mouse inalambrico,3,369.95,1109.85,Tarjeta
V000742,2025-06-06,Lima Centro, alimentos,Miel de abeja,1,12.49,12.49,Efectivo
V001170,2025-05-17,Arequipa,HOGAR ,Lampara LED,1,175.42,175.42,Plin
V000023,2025-05-21,Miraflores,juguetes,Rompecabezas 1000,4,318.28,1273.12,Yape
V000217,2025-06-26,Cusco,ELECTRONICA,Audifonos BT,1,130.12,130.12,Plin
V001013,2025-04-30,Cusco, alimentos,Miel de abeja,2,127.22,254.44,Efectivo
V002000,2025-05-20,Miraflores,juguetes,Peluche mediano,2,192.75,385.50,Transferencia
V001038,2025-04-15,Cusco,Alimentos,Aceite de oliva,4,442.80,1771.20,Tarjeta
V000553,2025-05-04,Trujillo,electronica,Audifonos BT,2,240.72,481.44,Transferencia
V001641,2025-05-26,Cusco,electronica,Cargador USB-C,5,53.36,266.80,Tarjeta
V000349,2025-06-22,Arequipa, alimentos,Cafe molido 500g,5,81.78,408.90,Tarjeta
V000105,2025-05-15,Lima Centro,Ropa,Zapatillas urbanas,1,295.45,295.45,Yape
V000172,2025-04-13,Miraflores,hogar,Lampara LED,2,90.83,181.66,Efectivo
V001145,2025-06-30,Arequipa,hogar,Organizador,1,81.60,81.60,Plin
V001009,2025-05-05,Lima Centro,Ropa,Casaca impermeable,4,171.75,687.00,Transferencia
V000376,2025-06-16,Lima Centro,ROPA,Jean clasico,1,295.46,295.46,Transferencia
V001928,2025-04-30,Trujillo,juguetes,Set de bloques,5,125.42,627.10,Tarjeta
V001965,2025-06-12,Trujillo,Ropa,Jean clasico,1,19.00,19.00,Plin
V001825,2025-04-14,Lima Centro,Hogar,Organizador,5,373.75,1868.75,Plin
V001227,2025-05-02,Lima Centro,Hogar,Organizador,1,187.34,187.34,Transferencia
V000546,2025-05-28,Lima Centro,electronica,Cargador USB-C,2,283.38,566.76,Efectivo
V001429,2025-06-19,Arequipa,ROPA,Zapatillas urbanas,5,351.54,1757.70,Yape
V000647,2025-04-14,Arequipa,Juguetes,Peluche mediano,2,173.36,346.72,Transferencia
V001428,2025-05-17,Cusco,ALIMENTOS,Chocolate 70%,1,161.52,161.52,Tarjeta
V001411,2025-04-10,Cusco,Alimentos,Chocolate 70%,1,374.88,374.88,Plin
V000946,2025-05-08,Miraflores,hogar,Lampara LED,3,468.25,1404.75,Tarjeta
V000183,2025-04-03,Miraflores,Ropa,Zapatillas urbanas,3,81.22,243.66,Plin
V000858,2025-04-17,Trujillo,Alimentos,Cafe molido 500g,1,21.13,21.13,Efectivo
V001351,2025-04-20,Arequipa,electronica,Audifonos BT,2,234.93,469.86,Transferencia
V001694,2025-05-22,Arequipa,juguetes,Set de bloques,2,400.66,801.32,Yape
V000542,2025-05-28,Cusco,Juguetes,Rompecabezas 1000,5,130.91,654.55,Yape
V000860,2025-04-19,Arequipa,Hogar,Juego de sabanas,1,304.15,304.15,Transferencia
V000689,2025-05-04,Lima Centro,ropa ,Jean clasico,1,111.34,111.34,Tarjeta
V001391,2025-04-13,Miraflores,,Juego de sabanas,4,278.42,1113.68,Plin
V000866,2025-04-27,Trujillo,hogar,Olla antiadherente,2,332.29,664.58,Transferencia
V000789,2025-04-17,Miraflores,ROPA,Jean clasico,4,244.88,979.52,Efectivo
V001710,2025-04-18,Cusco,HOGAR ,Olla antiadherente,3,161.94,485.82,Plin
V000397,2025-06-07,Lima Centro, Electronica ,Teclado mecanico,1,195.41,195.41,Efectivo
V000318,2025-04-12,Arequipa, Electronica ,Audifonos BT,1,321.10,321.10,Yape
V000989,2025-04-13,Lima Centro,Ropa,Zapatillas urbanas,0,476.84,0.00,Transferencia
V001758,2025-04-02,Arequipa,,Chocolate 70%,1,468.35,-204.09,Plin
V001074,2025-05-23,Trujillo,HOGAR ,Lampara LED,2,327.86,655.72,Tarjeta
V001706,2025-06-23,Arequipa, alimentos,Cafe molido 500g,1,207.42,207.42,Transferencia
V000046,2025-06-19,Cusco,ROPA,Jean clasico,4,237.22,948.88,Plin
V000480,2025-04-27,Cusco,Hogar,Organizador,4,286.73,1146.92,Plin
V000201,2025-05-06,Cusco,electronica,Teclado mecanico,2,433.40,866.80,Efectivo
V001997,2025-06-29,Trujillo,Juguetes,Peluche mediano,2,451.23,902.46,Plin
V000856,2025-04-30,Lima Centro,juguetes,Set de bloques,1,451.39,451.39,Transferencia
V001526,2025-04-09,Cusco,juguetes,Peluche mediano,4,331.36,1325.44,Transferencia
V000527,2025-05-25,Miraflores,Juguetes,Rompecabezas 1000,2,48.82,97.64,Plin
V000358,2025-04-21,Miraflores,ropa ,Zapatillas urbanas,1,195.28,195.28,Transferencia
V001738,2025-05-14,Lima Centro,juguetes,Rompecabezas 1000,2,113.96,227.92,Plin
V000165,2025-05-07,Lima Centro,ALIMENTOS,Chocolate 70%,2,143.84,287.68,Tarjeta
V000544,2025-05-27,Arequipa,HOGAR ,Lampara LED,5,430.90,2154.50,Transferencia
V000333,2025-06-28,Arequipa,HOGAR ,Olla antiadherente,2,106.98,213.96,Tarjeta
V001211,2025-04-25,Trujillo,ELECTRONICA,Audifonos BT,2,447.04,894.08,Yape
V000443,2025-06-12,Miraflores,ROPA,Casaca impermeable,2,332.99,665.98,Tarjeta
V000977,2025-06-09,Cusco, alimentos,Aceite de oliva,2,414.86,829.72,Plin
V001214,2025-04-06,Lima Centro,ROPA,Polo algodon,4,328.03,1312.12,Efectivo
V000354,2025-05-13,Trujillo, alimentos,Aceite de oliva,1,155.84,155.84,Yape
V000491,2025-06-09,Cusco,Ropa,Jean clasico,5,252.00,1260.00,Efectivo
V000237,2025-06-28,Miraflores,Electronica,Monitor 24,1,66.64,66.64,Plin
V001112,2025-05-27,Trujillo, Electronica ,Cargador USB-C,1,63.45,63.45,Efectivo
V000412,2025-06-22,Miraflores,juguetes,Rompecabezas 1000,3,371.82,1115.46,Efectivo
V000355,2025-04-18,Cusco, alimentos,Miel de abeja,3,373.69,1121.07,Yape
V001032,2025-04-27,Lima Centro,Hogar,Olla antiadherente,2,244.74,489.48,
V000298,2025-04-01,Cusco, alimentos,Miel de abeja,3,224.65,673.95,Plin
V000240,2025-05-18,Arequipa,Hogar,Juego de sabanas,4,335.58,1342.32,Efectivo
V000081,2025-06-28,Arequipa,Electronica,Teclado mecanico,2,478.79,957.58,Efectivo
V000381,2025-06-15,Lima Centro,Juguetes,Set de bloques,2,335.66,671.32,Plin
V001153,2025-04-08,Lima Centro, alimentos,Cafe molido 500g,5,40.75,203.75,Transferencia
V001181,2025-04-09,Trujillo, alimentos,Chocolate 70%,3,355.13,1065.39,Tarjeta
V001501,2025-05-17,Arequipa,ROPA,Casaca impermeable,1,441.46,441.46,Efectivo
V001390,2025-04-19,Trujillo,juguetes,Set de bloques,3,22.13,66.39,Yape
V001637,2025-04-06,Arequipa,hogar,Organizador,2,277.47,554.94,Yape
V001488,2025-06-24,Cusco,ropa ,Polo algodon,1,468.68,468.68,Transferencia
V000460,2025-06-28,Arequipa,HOGAR ,Lampara LED,3,431.63,1294.89,Plin
V001698,2025-04-03,Miraflores,Juguetes,Rompecabezas 1000,1,250.46,250.46,Plin
V000079,2025-05-04,Arequipa, Electronica ,Monitor 24,1,256.25,256.25,Tarjeta
V000033,2025-05-11,Trujillo,juguetes,Set de bloques,1,62.44,62.44,Transferencia
V000901,2025-05-30,Cusco,hogar,Olla antiadherente,2,126.01,252.02,Transferencia
V001939,2025-06-19,Trujillo,Ropa,Polo algodon,5,476.85,2384.25,Yape
V000071,2025-06-09,Trujillo, Electronica ,Monitor 24,1,156.45,156.45,Efectivo
V000710,2025-04-23,Trujillo,juguetes,Set de bloques,5,226.39,1131.95,Yape
V001562,2025-05-13,Lima Centro,Juguetes,Rompecabezas 1000,5,103.43,517.15,Efectivo
V001479,2025-04-15,Lima Centro,electronica,Audifonos BT,2,198.21,396.42,Efectivo
V000334,2025-06-06,Lima Centro,electronica,Mouse inalambrico,5,283.08,1415.40,Plin
V001507,2025-06-27,Trujillo,Hogar,Lampara LED,3,387.29,1161.87,Tarjeta
V000619,2025-06-07,Cusco,Alimentos,Miel de abeja,1,27.09,27.09,Tarjeta
V000814,2025-04-15,Miraflores,ropa ,Jean clasico,2,114.62,229.24,Efectivo
V000754,2025-06-03,Trujillo,juguetes,Peluche mediano,0,58.31,0.00,Yape
V000944,2025-04-10,Cusco,HOGAR ,Lampara LED,1,328.20,328.20,Tarjeta
V000252,2025-05-02,Trujillo,Electronica,Monitor 24,3,188.77,566.31,Plin
V000385,2025-06-09,Lima Centro,Ropa,Casaca impermeable,2,402.75,805.50,Plin
V001543,2025-06-19,Trujillo, Electronica ,Teclado mecanico,2,8.75,17.50,Transferencia
V000898,2025-05-07,Cusco,Hogar,Juego de sabanas,0,238.51,0.00,Tarjeta
V000991,2025-04-28,Arequipa,Hogar,Lampara LED,4,448.99,1795.96,Tarjeta
V001518,2025-05-21,Trujillo,Juguetes,Peluche mediano,0,476.87,0.00,Transferencia
V000128,2025-04-13,Arequipa,Hogar,Juego de sabanas,4,33.14,132.56,Efectivo
V001473,2025-04-04,Lima Centro,ropa ,Zapatillas urbanas,1,264.94,264.94,Efectivo
V001576,2025-06-18,Miraflores,Juguetes,Peluche mediano,2,38.40,76.80,Yape
V001549,2025-04-18,Trujillo,ALIMENTOS,Chocolate 70%,3,248.95,746.85,Efectivo
V000316,2025-05-08,Arequipa,Juguetes,Peluche mediano,5,78.40,392.00,Tarjeta
V000578,2025-04-22,Lima Centro,HOGAR ,Juego de sabanas,2,124.87,249.74,Yape
V001382,2025-06-12,Cusco,,Jean clasico,1,33.20,33.20,Efectivo
V000707,2025-05-24,Trujillo,juguetes,Rompecabezas 1000,5,35.12,175.60,Efectivo
V000042,2025-04-10,Arequipa,ropa ,Zapatillas urbanas,5,130.34,651.70,Tarjeta
V001725,2025-04-29,Cusco, alimentos,Cafe molido 500g,2,243.48,486.96,Yape
V001100,2025-04-26,Arequipa, alimentos,Miel de abeja,1,464.09,464.09,Tarjeta
V001610,2025-05-17,Miraflores,ALIMENTOS,Chocolate 70%,5,197.45,987.25,Yape
V001601,2025-05-24,Trujillo, Electronica ,Teclado mecanico,0,206.15,0.00,Yape
V000266,2025-05-19,Arequipa,ELECTRONICA,Audifonos BT,2,188.78,377.56,Transferencia
V001932,2025-05-22,Cusco,Juguetes,Peluche mediano,1,285.53,285.53,Transferencia
V001977,2025-06-25,Cusco,ROPA,Zapatillas urbanas,3,191.30,573.90,Plin
V000132,2025-06-07,Cusco,Alimentos,Cafe molido 500g,3,121.55,364.65,Yape
V000957,2025-04-13,Miraflores,Ropa,Polo algodon,3,326.08,978.24,Transferencia
V001304,2025-05-04,Miraflores,Hogar,Olla antiadherente,2,14.71,29.42,Efectivo
V000377,2025-06-05,Cusco,ropa ,Zapatillas urbanas,5,13.06,65.30,Efectivo
V001062,2025-05-11,Cusco,hogar,Olla antiadherente,3,137.94,413.82,Tarjeta
V001812,2025-05-03,Cusco,ALIMENTOS,Aceite de oliva,1,79.19,79.19,Yape
V000721,2025-04-28,Trujillo,electronica,Monitor 24,3,13.66,40.98,Yape
V001082,2025-05-28,Trujillo,,Jean clasico,1,72.81,72.81,Tarjeta
V000419,2025-04-11,Trujillo,Alimentos,Miel de abeja,2,31.17,62.34,Tarjeta
V000884,2025-06-05,Arequipa,juguetes,Set de bloques,3,133.35,400.05,Plin
V001150,2025-04-19,Trujillo,Electronica,Audifonos BT,2,25.95,51.90,Transferencia
V000747,2025-04-19,Cusco,Electronica,Mouse inalambrico,4,451.25,1805.00,Yape
V001261,2025-04-05,Trujillo,HOGAR ,Lampara LED,2,233.87,467.74,Transferencia
V001580,2025-06-21,Arequipa,Hogar,Lampara LED,2,17.68,35.36,Efectivo
V001574,2025-06-26,Cusco,,Lampara LED,1,439.15,439.15,Plin
V000811,2025-05-14,Lima Centro,Ropa,Casaca impermeable,1,134.33,134.33,Efectivo
V001815,2025-04-03,Arequipa,Juguetes,Rompecabezas 1000,1,257.33,257.33,Plin
V001938,2025-04-30,Arequipa,HOGAR ,Olla antiadherente,0,148.11,0.00,Efectivo
V000037,2025-06-05,Trujillo,juguetes,Rompecabezas 1000,2,143.42,286.84,Plin
V001188,2025-05-24,Trujillo,Hogar,Juego de sabanas,1,457.79,457.79,Plin
V001797,2025-06-30,Cusco,ALIMENTOS,Miel de abeja,1,346.01,346.01,Efectivo
V000517,2025-06-02,Lima Centro,HOGAR ,Olla antiadherente,5,123.00,615.00,
V001678,2025-04-10,Trujillo, Electronica ,Cargador USB-C,5,463.96,2319.80,Transferencia
V001667,2025-04-20,Cusco,Hogar,Organizador,4,167.70,670.80,Tarjeta
V000096,2025-04-04,Miraflores,HOGAR ,Olla antiadherente,1,138.87,138.87,Tarjeta
V001018,2025-05-25,Cusco,ALIMENTOS,Aceite de oliva,1,190.93,190.93,Yape
V001422,2025-05-14,Trujillo,ropa ,Jean clasico,4,399.91,1599.64,Transferencia
V001669,2025-04-02,Trujillo,hogar,Organizador,5,216.14,1080.70,Yape
V000865,2025-05-22,Miraflores,electronica,Teclado mecanico,2,137.17,274.34,Plin
V001810,2025-05-23,Lima Centro,Hogar,Lampara LED,5,228.46,1142.30,
V001583,2025-06-09,Cusco,Electronica,Audifonos BT,1,311.57,311.57,Efectivo
V000246,2025-05-25,Trujillo,juguetes,Rompecabezas 1000,1,131.75,131.75,Transferencia
V001272,2025-05-15,Trujillo, alimentos,Aceite de oliva,4,460.94,1843.76,Yape
V001318,2025-04-07,Miraflores,hogar,Lampara LED,1,430.59,430.59,Yape
V000468,2025-05-10,Arequipa, Electronica ,Mouse inalambrico,4,303.71,1214.84,Efectivo
V000449,2025-04-06,Miraflores,Electronica,Cargador USB-C,4,347.93,1391.72,Plin
V000018,2025-05-02,Lima Centro, Electronica ,Monitor 24,3,385.88,1157.64,Tarjeta
V001545,2025-06-21,Cusco,Juguetes,Peluche mediano,4,83.19,332.76,Transferencia
V000323,2025-05-12,Miraflores,ROPA,Polo algodon,1,311.68,311.68,Efectivo
V001764,2025-04-28,Trujillo,juguetes,Peluche mediano,1,247.43,247.43,Tarjeta
V001254,2025-05-23,Miraflores,ROPA,Polo algodon,1,51.04,51.04,Efectivo
V000452,2025-04-12,Arequipa,ropa ,Casaca impermeable,4,203.20,812.80,Tarjeta
V000529,2025-04-02,Trujillo,Alimentos,Cafe molido 500g,4,258.69,1034.76,Tarjeta
V000738,2025-05-21,Arequipa,Hogar,Organizador,1,59.58,59.58,Tarjeta
V000920,2025-04-27,Cusco,HOGAR ,Organizador,1,168.82,168.82,Plin
V001297,2025-04-14,Trujillo,ROPA,Casaca impermeable,0,26.15,0.00,Yape
V001467,2025-04-17,Miraflores,juguetes,Peluche mediano,1,217.15,217.15,Efectivo
V001605,2025-05-05,Miraflores,electronica,Mouse inalambrico,1,128.70,128.70,Transferencia
V001631,2025-05-27,Arequipa,electronica,Monitor 24,4,443.68,1774.72,Plin
V000481,2025-04-15,Cusco,Alimentos,Miel de abeja,3,265.02,795.06,Transferencia
V001142,2025-06-05,Arequipa,ALIMENTOS,Aceite de oliva,3,463.10,1389.30,Transferencia
V000765,2025-06-23,Lima Centro,ALIMENTOS,Cafe molido 500g,4,270.46,1081.84,Transferencia
V001587,2025-05-27,Lima Centro,ALIMENTOS,Chocolate 70%,3,253.75,761.25,Transferencia
V000695,2025-05-19,Cusco,Juguetes,Peluche mediano,1,105.80,105.80,Yape
V001388,2025-06-17,Arequipa, alimentos,Aceite de oliva,2,154.08,308.16,Yape
V000847,2025-04-28,Miraflores,ELECTRONICA,Monitor 24,0,253.77,0.00,Transferencia
V001265,2025-04-24,Miraflores,electronica,Mouse inalambrico,1,260.03,260.03,Tarjeta
V001420,2025-05-14,Arequipa,juguetes,Set de bloques,5,276.66,1383.30,Tarjeta
V000442,2025-06-14,Cusco,ALIMENTOS,Aceite de oliva,1,209.29,209.29,Tarjeta
V001841,2025-05-03,Miraflores,ALIMENTOS,Miel de abeja,1,429.73,429.73,Plin
V001837,2025-05-25,Trujillo,juguetes,Set de bloques,1,115.18,115.18,Yape
V000372,2025-06-18,Arequipa,hogar,Organizador,3,58.31,174.93,Plin
V001125,2025-05-29,Cusco,Juguetes,Set de bloques,1,389.02,389.02,Transferencia
V001322,2025-05-07,Arequipa,ALIMENTOS,Aceite de oliva,4,98.85,395.40,Plin
V001213,2025-06-28,Miraflores,electronica,Monitor 24,1,14.77,14.77,Transferencia
V001460,2025-04-27,Cusco,ALIMENTOS,Aceite de oliva,2,444.83,889.66,Plin
V000374,2025-05-14,Cusco,Alimentos,Aceite de oliva,1,360.97,360.97,Transferencia
V000609,2025-05-11,Trujillo,hogar,Organizador,2,434.12,868.24,Plin
V000536,2025-05-21,Miraflores,Electronica,Monitor 24,2,221.33,442.66,Plin
V001564,2025-06-15,Cusco,HOGAR ,Olla antiadherente,4,258.13,1032.52,Plin
V000170,2025-06-22,Cusco,Alimentos,Aceite de oliva,0,421.82,0.00,Yape
V000330,2025-04-23,Cusco,juguetes,Peluche mediano,0,462.94,0.00,Plin
V001955,2025-04-06,Cusco,HOGAR ,Juego de sabanas,1,367.71,367.71,Transferencia
V001937,2025-05-12,Trujillo,Alimentos,Chocolate 70%,1,433.33,433.33,Transferencia
V001278,2025-04-27,Lima Centro,ELECTRONICA,Teclado mecanico,2,205.47,410.94,Transferencia
V001219,2025-06-09,Miraflores,Hogar,Lampara LED,5,220.76,1103.80,Tarjeta
V001720,2025-06-12,Lima Centro,hogar,Organizador,2,53.83,107.66,Yape
V001729,2025-05-15,Miraflores,Ropa,Jean clasico,3,344.24,1032.72,Yape
V000953,2025-04-17,Lima Centro,ALIMENTOS,Aceite de oliva,0,421.66,0.00,Plin
V000328,2025-04-16,Trujillo,juguetes,Set de bloques,1,29.61,29.61,Transferencia
V001756,2025-06-30,Trujillo,ALIMENTOS,Cafe molido 500g,3,439.46,1318.38,Yape
V001886,2025-04-08,Trujillo,juguetes,Rompecabezas 1000,5,237.32,1186.60,Plin
V000339,2025-05-30,Miraflores,Ropa,Casaca impermeable,1,186.04,186.04,
V000796,2025-04-17,Arequipa,Alimentos,Aceite de oliva,2,455.61,911.22,Transferencia
V001077,2025-04-10,Miraflores,juguetes,Set de bloques,2,362.90,725.80,Tarjeta
V000618,2025-06-18,Miraflores,HOGAR ,Olla antiadherente,5,218.25,1091.25,Plin
V000489,2025-04-01,Cusco,ALIMENTOS,Miel de abeja,1,222.47,222.47,Tarjeta
V000950,2025-05-16,Cusco,hogar,Olla antiadherente,5,156.59,782.95,Plin
V000805,2025-04-08,Lima Centro,Hogar,Lampara LED,1,454.71,454.71,Transferencia
V000115,2025-06-12,Cusco,ropa ,Polo algodon,1,457.01,457.01,Plin
V001964,2025-05-01,Lima Centro,Alimentos,Chocolate 70%,1,302.45,-72.74,Tarjeta
V000044,2025-06-13,Trujillo, alimentos,Chocolate 70%,5,204.25,1021.25,Efectivo
V001270,2025-06-15,Miraflores,Hogar,Juego de sabanas,4,188.57,-151.29,Tarjeta
V000019,2025-05-22,Lima Centro,Alimentos,Cafe molido 500g,1,315.81,-37.05,Plin
V000745,2025-06-24,Miraflores,juguetes,Rompecabezas 1000,2,456.90,913.80,Plin
V000905,2025-06-12,Trujillo,Alimentos,Miel de abeja,1,47.96,47.96,Efectivo
V001215,2025-06-23,Lima Centro,Hogar,Lampara LED,5,103.67,518.35,Plin
V001790,2025-05-22,Lima Centro,ropa ,Polo algodon,1,9.59,9.59,Efectivo
V000746,2025-05-22,Cusco,electronica,Mouse inalambrico,1,307.14,307.14,Tarjeta
V000571,2025-05-19,Cusco,Hogar,Organizador,5,116.95,-223.96,Efectivo
V000241,2025-04-28,Miraflores,,Zapatillas urbanas,1,310.82,310.82,Tarjeta
V000352,2025-06-23,Miraflores,juguetes,Rompecabezas 1000,2,325.04,650.08,Yape
V001701,2025-04-30,Miraflores,Alimentos,Aceite de oliva,1,36.15,36.15,Plin
V000791,2025-05-02,Trujillo,electronica,Monitor 24,2,299.51,599.02,Yape
V000262,2025-05-22,Arequipa,Ropa,Polo algodon,5,56.10,280.50,Tarjeta
V001027,2025-06-08,Trujillo,Electronica,Cargador USB-C,2,92.36,-104.14,Yape
V000759,2025-04-26,Lima Centro,juguetes,Rompecabezas 1000,2,223.96,447.92,Tarjeta
V000621,2025-05-16,Arequipa,hogar,Juego de sabanas,1,440.97,440.97,Transferencia
V001423,2025-05-14,Trujillo,ROPA,Jean clasico,1,331.07,331.07,Plin
V000606,2025-04-06,Lima Centro,electronica,Cargador USB-C,1,32.60,32.60,Transferencia
V001595,2025-05-06,Miraflores,Hogar,Olla antiadherente,1,325.72,325.72,Tarjeta
V000736,2025-04-12,Trujillo,ropa ,Jean clasico,5,453.69,2268.45,
V000864,2025-04-18,Miraflores,electronica,Cargador USB-C,1,252.49,252.49,Tarjeta
V000154,2025-05-16,Lima Centro,ALIMENTOS,Miel de abeja,5,422.92,2114.60,Tarjeta
V000013,2025-06-08,Miraflores,Hogar,Lampara LED,2,35.34,70.68,Efectivo
V000038,2025-04-19,Lima Centro,Ropa,Polo algodon,2,251.29,502.58,Tarjeta
V000009,2025-05-20,Trujillo,Juguetes,Set de bloques,1,364.73,364.73,Plin
V001890,2025-04-05,Trujillo,electronica,Teclado mecanico,5,92.34,461.70,Plin
V001255,2025-06-16,Trujillo,Ropa,Zapatillas urbanas,1,428.97,428.97,Yape
V001552,2025-06-04,Miraflores,hogar,Lampara LED,1,57.67,57.67,Efectivo
V000124,2025-05-28,Miraflores,ropa ,Casaca impermeable,1,348.40,348.40,Plin
V000911,2025-06-23,Cusco,,Miel de abeja,4,77.93,311.72,Yape
V001132,2025-04-13,Cusco,HOGAR ,Organizador,1,95.12,95.12,Yape
V000394,2025-05-14,Trujillo,HOGAR ,Organizador,5,427.91,2139.55,Tarjeta
V001147,2025-06-02,Lima Centro,Juguetes,Rompecabezas 1000,4,27.73,110.92,Efectivo
V000917,2025-04-04,Miraflores,Alimentos,Cafe molido 500g,1,296.82,296.82,Yape
V000939,2025-05-08,Arequipa,ALIMENTOS,Miel de abeja,0,70.24,0.00,Tarjeta
V001711,2025-05-27,Cusco,juguetes,Rompecabezas 1000,5,134.55,672.75,Yape
V000668,2025-06-26,Miraflores,Ropa,Zapatillas urbanas,3,15.49,46.47,Efectivo
V001246,2025-06-28,Arequipa, alimentos,Chocolate 70%,2,290.14,580.28,Tarjeta
V000520,2025-05-30,Miraflores,Hogar,Organizador,1,271.24,271.24,Transferencia
V001277,2025-04-06,Arequipa,HOGAR ,Organizador,2,75.95,151.90,Plin
V001686,2025-04-21,Miraflores,Electronica,Monitor 24,3,264.17,792.51,Transferencia
V000855,2025-05-21,Lima Centro,HOGAR ,Lampara LED,3,88.43,265.29,Tarjeta
V000645,2025-04-08,Arequipa,ROPA,Polo algodon,1,428.23,428.23,Transferencia
V001340,2025-04-21,Miraflores,Hogar,Organizador,1,20.70,20.70,Tarjeta
V001487,2025-06-14,Trujillo,HOGAR ,Juego de sabanas,1,119.02,119.02,Transferencia
V000227,2025-05-06,Miraflores,Alimentos,Miel de abeja,5,204.18,1020.90,Tarjeta
V001419,2025-05-20,Trujillo, alimentos,Aceite de oliva,2,182.02,364.04,Yape
V001926,2025-04-11,Cusco,ALIMENTOS,Chocolate 70%,1,406.59,406.59,Plin
V001796,2025-05-05,Trujillo, alimentos,Miel de abeja,1,218.74,218.74,Transferencia
V000464,2025-06-04,Cusco,electronica,Mouse inalambrico,3,272.52,-68.34,Efectivo
V001140,2025-06-29,Lima Centro,ALIMENTOS,Cafe molido 500g,5,57.24,286.20,Yape
V000127,2025-04-29,Trujillo,Juguetes,Rompecabezas 1000,2,47.59,95.18,Efectivo
V000936,2025-05-15,Lima Centro, alimentos,Miel de abeja,1,113.94,113.94,Yape
V000401,2025-04-18,Arequipa,,Rompecabezas 1000,1,216.56,216.56,Transferencia
V001978,2025-04-12,Cusco,Alimentos,Miel de abeja,1,184.65,184.65,Plin
V001016,2025-05-26,Lima Centro,ROPA,Zapatillas urbanas,1,318.86,318.86,Tarjeta
V000060,2025-06-02,Lima Centro,Hogar,Olla antiadherente,2,14.68,29.36,Tarjeta
V000584,2025-06-13,Trujillo,Alimentos,Miel de abeja,2,302.98,605.96,Transferencia
V000455,2025-04-01,Cusco,Alimentos,Chocolate 70%,2,352.64,705.28,Tarjeta
V000138,2025-05-27,Arequipa,juguetes,Rompecabezas 1000,2,159.61,319.22,Plin
V000929,2025-05-23,Cusco,ELECTRONICA,Cargador USB-C,3,174.04,522.12,
V000801,2025-05-20,Trujillo,Ropa,Zapatillas urbanas,5,331.18,1655.90,Transferencia
V001863,2025-04-29,Arequipa,hogar,Juego de sabanas,1,80.67,80.67,Efectivo
V000391,2025-06-12,Lima Centro,electronica,Teclado mecanico,4,243.81,975.24,Yape
V000001,2025-04-28,Miraflores,Electronica,Audifonos BT,2,123.59,247.18,Efectivo
V000945,2025-04-19,Lima Centro, alimentos,Cafe molido 500g,1,119.85,119.85,Plin
V001436,2025-05-11,Lima Centro,Hogar,Lampara LED,2,284.75,569.50,Efectivo
V000821,2025-06-10,Trujillo,Hogar,Organizador,1,442.67,442.67,Tarjeta
V000461,2025-06-01,Cusco,HOGAR ,Organizador,2,336.43,672.86,Transferencia
V001588,2025-04-22,Lima Centro,ELECTRONICA,Mouse inalambrico,1,114.51,-64.82,Transferencia
V001532,2025-05-28,Miraflores, alimentos,Aceite de oliva,1,152.47,152.47,Plin
V000875,2025-06-19,Lima Centro, Electronica ,Cargador USB-C,3,241.08,723.24,Efectivo
V000477,2025-04-29,Miraflores,Electronica,Monitor 24,1,51.86,51.86,Plin
V000364,2025-04-18,Cusco,Alimentos,Miel de abeja,2,286.85,573.70,Transferencia
V000168,2025-06-22,Lima Centro, Electronica ,Cargador USB-C,1,200.06,200.06,Yape
V000383,2025-05-16,Miraflores,juguetes,Rompecabezas 1000,2,125.18,250.36,Tarjeta
V000714,2025-04-09,Lima Centro,Alimentos,Chocolate 70%,4,411.92,-43.26,Plin
V000386,2025-04-29,Cusco,ALIMENTOS,Chocolate 70%,3,240.38,721.14,Transferencia
V001321,2025-05-01,Lima Centro,ropa ,Casaca impermeable,4,10.50,42.00,Tarjeta
V000146,2025-06-10,Cusco,Juguetes,Set de bloques,4,396.62,1586.48,Transferencia
V000516,2025-05-24,Miraflores,Juguetes,Rompecabezas 1000,3,402.79,1208.37,Efectivo
V001389,2025-06-28,Cusco,ROPA,Casaca impermeable,1,402.58,402.58,Efectivo
V000504,2025-04-09,Trujillo,Hogar,Olla antiadherente,1,138.88,138.88,Yape
V000409,2025-05-10,Arequipa, alimentos,Aceite de oliva,1,102.01,102.01,Plin
V000691,2025-06-28,Arequipa,Juguetes,Peluche mediano,4,422.60,1690.40,Tarjeta
V001057,2025-05-29,Miraflores,ELECTRONICA,Audifonos BT,5,275.48,1377.40,Tarjeta
V000541,2025-04-06,Arequipa,ropa ,Casaca impermeable,2,94.04,188.08,Tarjeta
V001999,2025-05-30,Cusco, alimentos,Cafe molido 500g,4,337.23,1348.92,Yape
V001845,2025-05-03,Lima Centro,juguetes,Rompecabezas 1000,5,102.41,512.05,Plin
V000083,2025-06-25,Lima Centro,Ropa,Polo algodon,4,300.50,1202.00,Yape
V001225,2025-06-15,Lima Centro, alimentos,Cafe molido 500g,2,169.98,339.96,Plin
V000180,2025-05-19,Trujillo,HOGAR ,Organizador,1,370.95,370.95,Yape
V001996,2025-04-25,Cusco,hogar,Olla antiadherente,2,15.69,31.38,Tarjeta
V001826,2025-04-22,Arequipa,ROPA,Jean clasico,1,326.00,326.00,Transferencia
V000997,2025-04-02,Miraflores,Hogar,Organizador,2,299.21,598.42,Tarjeta
V001291,2025-05-01,Arequipa,hogar,Olla antiadherente,5,390.45,1952.25,Plin
V000744,2025-04-18,Lima Centro,Alimentos,Miel de abeja,1,468.34,468.34,Plin
V001872,2025-04-13,Arequipa,Hogar,Juego de sabanas,2,86.45,172.90,
V001836,2025-06-21,Lima Centro,Electronica,Teclado mecanico,2,287.55,575.10,Yape
V000242,2025-05-11,Miraflores, alimentos,Miel de abeja,2,48.92,97.84,Yape
V001262,2025-05-03,Trujillo,HOGAR ,Juego de sabanas,2,50.47,100.94,Yape
V001260,2025-05-15,Miraflores,ALIMENTOS,Cafe molido 500g,4,277.82,-136.52,Efectivo
V000949,2025-05-13,Miraflores,ELECTRONICA,Cargador USB-C,5,319.14,1595.70,Yape
V000070,2025-05-22,Cusco,ALIMENTOS,Chocolate 70%,4,165.32,661.28,Plin
V000930,2025-05-11,Arequipa,Juguetes,Rompecabezas 1000,1,420.18,420.18,Tarjeta
V000052,2025-04-14,Trujillo,,Rompecabezas 1000,3,259.46,778.38,Plin
V001679,2025-06-19,Arequipa,ELECTRONICA,Monitor 24,2,335.37,670.74,Transferencia
V001833,2025-04-12,Lima Centro, alimentos,Chocolate 70%,4,344.50,1378.00,Tarjeta
V001056,2025-06-08,Cusco,juguetes,Rompecabezas 1000,2,179.60,359.20,Yape
V001097,2025-05-14,Miraflores, alimentos,Miel de abeja,2,221.91,443.82,Transferencia
V001989,2025-04-17,Trujillo,Juguetes,Peluche mediano,2,71.85,143.70,Yape
V001717,2025-05-10,Cusco,Hogar,Juego de sabanas,2,8.26,16.52,Efectivo
V001452,2025-06-27,Trujillo,hogar,Organizador,1,266.65,266.65,Plin
V000673,2025-04-17,Arequipa,Juguetes,Set de bloques,1,268.44,268.44,Tarjeta
V000952,2025-04-19,Cusco,Juguetes,Peluche mediano,1,293.82,293.82,Plin
V000496,2025-05-01,Trujillo,Ropa,Polo algodon,3,472.48,1417.44,Plin
V000614,2025-05-28,Arequipa,Electronica,Monitor 24,5,222.31,1111.55,Efectivo
V001413,2025-04-05,Cusco,Ropa,Zapatillas urbanas,2,377.74,755.48,Efectivo
V000940,2025-05-04,Miraflores,Juguetes,Set de bloques,1,298.54,298.54,Transferencia
V000228,2025-05-05,Cusco,juguetes,Set de bloques,1,376.51,376.51,Efectivo
V001002,2025-05-17,Cusco,Juguetes,Peluche mediano,1,165.02,165.02,Transferencia
V001531,2025-06-12,Cusco,ROPA,Polo algodon,1,261.29,261.29,Plin
V001004,2025-05-14,Trujillo,Juguetes,Rompecabezas 1000,4,89.64,358.56,Transferencia
V000021,2025-06-04,Cusco,ropa ,Jean clasico,2,465.23,930.46,Efectivo
V000947,2025-04-05,Miraflores,juguetes,Rompecabezas 1000,1,295.47,295.47,Plin
V001092,2025-04-13,Trujillo,HOGAR ,Organizador,5,432.59,2162.95,Transferencia
V000216,2025-05-13,Trujillo,Electronica,Audifonos BT,2,318.39,636.78,Plin
V000589,2025-06-25,Lima Centro,Alimentos,Cafe molido 500g,1,413.72,413.72,Plin
V000987,2025-05-03,Trujillo,Juguetes,Set de bloques,3,274.12,822.36,Yape
V000194,2025-06-02,Trujillo,hogar,Olla antiadherente,2,163.70,327.40,Yape
V001838,2025-05-04,Trujillo, alimentos,Aceite de oliva,1,177.02,-69.04,Yape
V001410,2025-04-21,Lima Centro,Hogar,Juego de sabanas,4,263.17,1052.68,Yape
V000057,2025-06-10,Arequipa,hogar,Olla antiadherente,4,334.52,1338.08,Yape
V001983,2025-05-08,Miraflores,ELECTRONICA,Cargador USB-C,1,126.64,126.64,Tarjeta
V000432,2025-05-26,Arequipa, alimentos,Aceite de oliva,5,194.59,972.95,Tarjeta
V000799,2025-04-16,Trujillo,ropa ,Polo algodon,1,98.49,98.49,Yape
V000043,2025-04-09,Trujillo,Ropa,Jean clasico,3,158.90,476.70,Tarjeta
V000022,2025-06-16,Lima Centro,Ropa,Polo algodon,1,409.83,409.83,Transferencia
V001238,2025-04-17,Cusco, alimentos,Miel de abeja,5,109.07,545.35,Efectivo
V000709,2025-06-07,Arequipa,Juguetes,Peluche mediano,0,138.01,0.00,Transferencia
V001553,2025-04-07,Lima Centro,Electronica,Cargador USB-C,1,67.63,67.63,Efectivo
V001803,2025-06-20,Trujillo,Ropa,Casaca impermeable,5,48.91,244.55,Tarjeta
V001220,2025-04-14,Cusco,Juguetes,Rompecabezas 1000,2,397.25,794.50,Transferencia
V001664,2025-05-06,Trujillo,ALIMENTOS,Cafe molido 500g,1,268.62,268.62,Tarjeta
V000014,2025-05-22,Arequipa,Ropa,Zapatillas urbanas,1,133.11,133.11,Tarjeta
V001541,2025-05-13,Lima Centro, alimentos,Aceite de oliva,1,182.67,182.67,Plin
V001934,2025-06-16,Lima Centro,ELECTRONICA,Cargador USB-C,2,430.54,861.08,Tarjeta
V000699,2025-06-17,Miraflores,electronica,Mouse inalambrico,1,265.72,265.72,Yape
V000335,2025-04-08,Arequipa,ELECTRONICA,Monitor 24,1,33.05,33.05,Yape
V000545,2025-04-12,Arequipa, Electronica ,Monitor 24,1,73.81,73.81,Tarjeta
V000780,2025-06-24,Cusco, Electronica ,Monitor 24,1,298.89,298.89,Yape
V000207,2025-05-16,Cusco,HOGAR ,Lampara LED,1,70.54,70.54,Efectivo
V001505,2025-05-04,Cusco,ALIMENTOS,Chocolate 70%,4,252.01,1008.04,Plin
V001207,2025-04-14,Miraflores, Electronica ,Mouse inalambrico,5,21.60,108.00,Efectivo
V000994,2025-05-21,Trujillo,electronica,Audifonos BT,1,249.52,249.52,Efectivo
V001406,2025-06-27,Cusco,ropa ,Polo algodon,2,131.24,262.48,Plin
V000371,2025-05-19,Miraflores,Electronica,Mouse inalambrico,0,129.68,0.00,Efectivo
V000859,2025-06-24,Lima Centro,Hogar,Olla antiadherente,2,315.99,631.98,Plin
V001259,2025-06-29,Lima Centro,ALIMENTOS,Chocolate 70%,2,345.45,690.90,Transferencia
V000822,2025-05-25,Arequipa,ropa ,Casaca impermeable,2,34.37,68.74,Efectivo
V000437,2025-06-24,Arequipa,Hogar,Olla antiadherente,1,142.05,142.05,Efectivo
V001782,2025-04-12,Miraflores,Juguetes,Set de bloques,1,188.43,188.43,Transferencia
V000152,2025-05-02,Miraflores,hogar,Lampara LED,4,69.72,278.88,Efectivo
V000259,2025-06-08,Arequipa,ELECTRONICA,Teclado mecanico,1,376.13,376.13,Yape
V001402,2025-06-09,Arequipa,Ropa,Zapatillas urbanas,5,265.77,1328.85,Efectivo
V000579,2025-05-11,Trujillo,juguetes,Set de bloques,1,225.55,225.55,Plin
V000188,2025-05-24,Cusco,juguetes,Set de bloques,2,408.89,817.78,Transferencia
V001457,2025-04-20,Lima Centro,Juguetes,Set de bloques,5,47.01,235.05,Efectivo
V000627,2025-04-26,Arequipa,ALIMENTOS,Cafe molido 500g,1,86.40,86.40,Plin
V000519,2025-04-12,Arequipa,HOGAR ,Organizador,4,120.93,483.72,Plin
V001624,2025-05-19,Cusco,ELECTRONICA,Teclado mecanico,4,257.73,1030.92,Tarjeta
V001775,2025-04-14,Miraflores,Electronica,Monitor 24,2,298.44,596.88,Tarjeta
V001607,2025-04-24,Arequipa,ELECTRONICA,Cargador USB-C,4,132.45,529.80,Yape
V000175,2025-06-08,Miraflores,HOGAR ,Olla antiadherente,2,459.87,919.74,Transferencia
V001192,2025-05-30,Cusco,Juguetes,Set de bloques,1,155.95,155.95,Efectivo
V001726,2025-04-18,Arequipa,Alimentos,Chocolate 70%,1,53.50,53.50,Plin
V000322,2025-06-24,Trujillo,Juguetes,Peluche mediano,2,469.57,939.14,Tarjeta
V000303,2025-06-14,Arequipa,ROPA,Jean clasico,1,112.90,112.90,Yape
V001555,2025-06-06,Miraflores,Juguetes,Rompecabezas 1000,3,426.86,1280.58,Transferencia
V001852,2025-04-11,Trujillo,ALIMENTOS,Cafe molido 500g,1,207.33,207.33,Efectivo
V000016,2025-05-02,Trujillo,ELECTRONICA,Audifonos BT,3,41.44,124.32,Transferencia
V001189,2025-05-18,Miraflores,Electronica,Mouse inalambrico,1,167.81,167.81,Transferencia
V000535,2025-06-04,Cusco,Ropa,Jean clasico,3,431.82,1295.46,Yape
V001670,2025-06-22,Arequipa,Alimentos,Aceite de oliva,5,295.77,1478.85,Efectivo
V001426,2025-04-10,Lima Centro,Alimentos,Chocolate 70%,2,113.83,227.66,Transferencia
V000260,2025-05-12,Miraflores,ropa ,Zapatillas urbanas,2,226.70,453.40,Transferencia
V000492,2025-05-08,Arequipa,hogar,Juego de sabanas,0,260.54,0.00,Yape
V001412,2025-06-27,Arequipa,ropa ,Polo algodon,1,162.53,162.53,Transferencia
V001492,2025-06-25,Trujillo,Juguetes,Set de bloques,1,291.15,291.15,Plin
V001250,2025-05-11,Lima Centro,hogar,Organizador,2,133.41,266.82,Plin
V000184,2025-04-30,Cusco,Ropa,Polo algodon,1,288.34,288.34,Efectivo
V001805,2025-04-29,Arequipa,Hogar,Lampara LED,4,350.39,1401.56,Plin
V001313,2025-05-25,Arequipa, alimentos,Miel de abeja,3,64.52,193.56,Yape
V000270,2025-04-12,Lima Centro,juguetes,Peluche mediano,1,273.79,273.79,Tarjeta
V000267,2025-05-06,Lima Centro,,Miel de abeja,3,438.78,1316.34,Transferencia
V001383,2025-05-22,Cusco, Electronica ,Mouse inalambrico,2,278.97,557.94,Transferencia
V001239,2025-05-17,Miraflores,Ropa,Polo algodon,5,250.32,1251.60,Plin
V000361,2025-04-29,Cusco,Hogar,Olla antiadherente,4,316.53,1266.12,Plin
V000962,2025-05-29,Arequipa,ropa ,Polo algodon,5,400.94,2004.70,Plin
V000819,2025-06-03,Cusco,ALIMENTOS,Miel de abeja,3,73.24,219.72,Plin
V000608,2025-06-03,Arequipa,hogar,Organizador,1,50.31,50.31,Efectivo
V001240,2025-06-17,Miraflores,,Organizador,1,363.12,363.12,Yape
V001613,2025-05-28,Miraflores,juguetes,Rompecabezas 1000,3,95.49,286.47,Plin
V001159,2025-04-18,Cusco,ALIMENTOS,Miel de abeja,4,225.39,901.56,Yape
V001186,2025-04-21,Arequipa,ROPA,Casaca impermeable,0,110.42,0.00,Efectivo
V000879,2025-05-04,Arequipa,juguetes,Peluche mediano,2,280.76,561.52,Plin
V000369,2025-05-25,Miraflores, alimentos,Aceite de oliva,1,431.37,431.37,Efectivo
V000982,2025-06-03,Arequipa, alimentos,Aceite de oliva,1,74.71,74.71,Tarjeta
V001644,2025-05-19,Arequipa,juguetes,Set de bloques,4,174.34,697.36,Transferencia
V000187,2025-05-19,Miraflores,juguetes,Set de bloques,1,466.92,466.92,Plin
V000555,2025-06-16,Miraflores,Hogar,Organizador,3,30.99,92.97,Tarjeta
V000072,2025-04-17,Arequipa,ALIMENTOS,Cafe molido 500g,2,252.70,505.40,Tarjeta
V001200,2025-05-14,Lima Centro, alimentos,Cafe molido 500g,1,74.04,74.04,Yape
V000538,2025-04-30,Cusco,ALIMENTOS,Aceite de oliva,5,171.64,858.20,Efectivo
V001921,2025-04-03,Miraflores,Juguetes,Set de bloques,1,88.94,88.94,Transferencia
V001513,2025-04-04,Trujillo,Juguetes,Rompecabezas 1000,5,377.35,1886.75,Transferencia
V000882,2025-05-06,Trujillo,ropa ,Polo algodon,1,111.27,111.27,Plin
V000255,2025-04-01,Trujillo, alimentos,Aceite de oliva,2,79.07,-167.05,Efectivo
V001365,2025-04-18,Trujillo,ELECTRONICA,Teclado mecanico,1,181.87,181.87,Yape
V001151,2025-05-03,Miraflores,Juguetes,Rompecabezas 1000,2,370.76,741.52,Yape
V000090,2025-04-30,Trujillo,electronica,Monitor 24,1,132.82,132.82,Yape
V001696,2025-04-15,Arequipa,ropa ,Casaca impermeable,1,152.26,152.26,Tarjeta
V000626,2025-04-19,Trujillo,ropa ,Zapatillas urbanas,1,314.68,314.68,Yape
V001109,2025-05-06,Arequipa,juguetes,Set de bloques,2,418.34,836.68,Efectivo
V000177,2025-06-05,Trujillo,Juguetes,Rompecabezas 1000,1,162.87,162.87,Plin
V000537,2025-04-03,Arequipa,Hogar,Juego de sabanas,1,85.77,85.77,Transferencia
V001895,2025-04-01,Cusco, alimentos,Cafe molido 500g,2,332.84,665.68,Efectivo
V000937,2025-05-25,Lima Centro,juguetes,Set de bloques,2,390.44,780.88,Transferencia
V001298,2025-06-18,Cusco,juguetes,Rompecabezas 1000,2,77.76,155.52,Transferencia
V001069,2025-06-01,Cusco,juguetes,Peluche mediano,2,384.41,768.82,Tarjeta
V000724,2025-06-19,Lima Centro,ALIMENTOS,Aceite de oliva,1,117.79,117.79,Plin
V001677,2025-04-12,Lima Centro,Ropa,Casaca impermeable,5,125.58,627.90,Efectivo
V001183,2025-05-11,Cusco, Electronica ,Cargador USB-C,2,351.21,702.42,Yape
V000815,2025-05-25,Cusco,Electronica,Mouse inalambrico,3,44.01,132.03,Transferencia
V001982,2025-05-01,Miraflores, alimentos,Miel de abeja,2,301.56,603.12,Tarjeta
V001748,2025-04-16,Lima Centro,hogar,Juego de sabanas,0,461.68,0.00,
V000701,2025-05-30,Arequipa,Juguetes,Rompecabezas 1000,4,115.42,461.68,Transferencia
V000978,2025-05-29,Miraflores,ROPA,Polo algodon,4,99.70,398.80,Efectivo
V000085,2025-06-24,Trujillo,ROPA,Zapatillas urbanas,5,58.34,291.70,Yape
V001393,2025-05-21,Trujillo,,Lampara LED,1,411.39,411.39,Transferencia
V001515,2025-04-24,Lima Centro,,Audifonos BT,4,306.60,1226.40,Plin
V001347,2025-04-10,Miraflores,Electronica,Cargador USB-C,1,262.42,262.42,Transferencia
V000973,2025-04-03,Trujillo,juguetes,Rompecabezas 1000,2,375.95,751.90,
V001401,2025-06-25,Arequipa,Ropa,Casaca impermeable,1,45.10,45.10,Tarjeta
V000639,2025-06-07,Trujillo,HOGAR ,Olla antiadherente,1,133.56,133.56,Tarjeta
V000156,2025-06-10,Arequipa, alimentos,Chocolate 70%,1,197.07,197.07,Plin
V000846,2025-06-03,Arequipa,,Cargador USB-C,1,160.80,160.80,Plin
V001491,2025-06-05,Trujillo,Electronica,Teclado mecanico,2,187.48,374.96,Efectivo
V001735,2025-05-27,Arequipa,juguetes,Set de bloques,2,12.55,25.10,Yape
V001156,2025-06-21,Trujillo,Alimentos,Miel de abeja,2,331.61,663.22,Transferencia
V001956,2025-04-11,Lima Centro,ropa ,Polo algodon,1,290.96,290.96,Yape
V001617,2025-04-11,Arequipa,electronica,Audifonos BT,1,260.12,260.12,Tarjeta
V000309,2025-05-14,Trujillo,juguetes,Peluche mediano,2,86.83,173.66,Transferencia
V001035,2025-05-03,Trujillo, Electronica ,Mouse inalambrico,3,158.87,476.61,Tarjeta
V000921,2025-06-12,Lima Centro,Alimentos,Chocolate 70%,3,299.92,899.76,Plin
V000694,2025-06-14,Trujillo,hogar,Organizador,5,92.49,462.45,Plin
V000245,2025-04-10,Lima Centro, Electronica ,Cargador USB-C,1,473.81,473.81,Tarjeta
V001668,2025-04-29,Miraflores,Ropa,Polo algodon,1,15.67,15.67,Efectivo
V001475,2025-04-26,Lima Centro,ELECTRONICA,Mouse inalambrico,3,465.83,1397.49,Tarjeta
V000959,2025-06-18,Arequipa,Ropa,Casaca impermeable,1,392.20,392.20,Yape
V001474,2025-05-13,Lima Centro,Hogar,Juego de sabanas,5,47.85,239.25,Plin
V000390,2025-04-20,Trujillo,ropa ,Casaca impermeable,2,392.30,784.60,Plin
V001548,2025-04-18,Lima Centro,Juguetes,Peluche mediano,1,187.43,187.43,Transferencia
V000378,2025-05-21,Trujillo,Ropa,Casaca impermeable,1,177.80,177.80,Plin
V001300,2025-04-29,Trujillo, alimentos,Cafe molido 500g,5,399.55,1997.75,Yape
V001089,2025-05-13,Lima Centro,electronica,Monitor 24,2,152.46,304.92,Efectivo
V001202,2025-06-22,Miraflores,Alimentos,Aceite de oliva,1,368.02,368.02,Transferencia
V001991,2025-05-04,Trujillo,ropa ,Polo algodon,1,123.69,123.69,Plin
V000628,2025-06-16,Cusco,juguetes,Set de bloques,1,165.58,165.58,Plin
V001520,2025-06-07,Arequipa,Ropa,Zapatillas urbanas,2,410.49,820.98,Tarjeta
V000140,2025-04-20,Trujillo,electronica,Teclado mecanico,5,24.43,122.15,Transferencia
V000325,2025-04-01,Lima Centro,Alimentos,Miel de abeja,3,64.03,192.09,Efectivo
V001231,2025-04-29,Arequipa,ELECTRONICA,Teclado mecanico,0,237.51,0.00,Efectivo
V000471,2025-06-06,Lima Centro,Hogar,Olla antiadherente,1,396.05,396.05,Efectivo
V001874,2025-06-04,Cusco,ROPA,Jean clasico,5,293.78,1468.90,Tarjeta
V001158,2025-05-16,Miraflores,ELECTRONICA,Monitor 24,2,75.96,151.92,Tarjeta
V001117,2025-04-21,Miraflores,hogar,Organizador,1,365.10,365.10,Plin
V000913,2025-06-24,Arequipa,HOGAR ,Organizador,1,90.36,90.36,Tarjeta
V001503,2025-06-16,Cusco,Juguetes,Set de bloques,4,406.90,1627.60,Tarjeta
V000644,2025-06-06,Arequipa,electronica,Cargador USB-C,3,192.08,576.24,Transferencia
V001144,2025-05-20,Miraflores,Electronica,Audifonos BT,4,105.25,421.00,Yape
V000622,2025-06-30,Arequipa,Juguetes,Rompecabezas 1000,1,61.78,61.78,Efectivo
V000758,2025-04-17,Arequipa,Hogar,Organizador,4,41.90,167.60,Transferencia
V001025,2025-05-29,Trujillo,ELECTRONICA,Teclado mecanico,1,167.12,167.12,Transferencia
V001354,2025-05-19,Arequipa,,Miel de abeja,1,247.37,247.37,Yape
V000573,2025-05-11,Trujillo,ALIMENTOS,Chocolate 70%,3,390.08,-231.55,Efectivo
V001770,2025-05-04,Miraflores,juguetes,Set de bloques,2,94.53,189.06,Tarjeta
V001712,2025-05-16,Cusco,juguetes,Set de bloques,0,18.19,0.00,Plin
V001529,2025-05-25,Lima Centro,ALIMENTOS,Chocolate 70%,1,405.69,405.69,Yape
V000139,2025-06-26,Miraflores,Alimentos,Cafe molido 500g,3,298.21,894.63,Plin
V000209,2025-05-09,Trujillo,Juguetes,Rompecabezas 1000,4,88.00,352.00,Plin
V001615,2025-04-21,Trujillo, alimentos,Cafe molido 500g,2,32.85,65.70,Tarjeta
V000508,2025-05-09,Trujillo,ropa ,Polo algodon,4,458.36,1833.44,Yape
V000089,2025-06-11,Arequipa,Hogar,Lampara LED,1,229.05,229.05,Plin
V000102,2025-06-11,Lima Centro,Hogar,Olla antiadherente,5,39.69,198.45,Yape
V001511,2025-05-26,Trujillo,ROPA,Polo algodon,2,442.48,884.96,Transferencia
V001630,2025-06-20,Miraflores,Alimentos,Cafe molido 500g,3,312.35,937.05,Transferencia
V000702,2025-04-18,Cusco, Electronica ,Mouse inalambrico,2,210.39,420.78,Transferencia
V000762,2025-06-23,Trujillo,Juguetes,Rompecabezas 1000,4,374.20,1496.80,Plin
V001506,2025-04-12,Arequipa, alimentos,Aceite de oliva,4,336.74,1346.96,Yape
V000557,2025-04-25,Cusco,Ropa,Jean clasico,3,375.60,1126.80,Tarjeta
V000925,2025-06-29,Lima Centro,Ropa,Casaca impermeable,3,444.21,1332.63,Transferencia
V001273,2025-05-13,Miraflores,ALIMENTOS,Miel de abeja,1,290.37,290.37,Plin
V000498,2025-05-11,Cusco,Ropa,Zapatillas urbanas,4,232.01,928.04,Plin
V000869,2025-04-16,Lima Centro,ropa ,Jean clasico,4,381.30,1525.20,Tarjeta
V001007,2025-04-23,Arequipa,ELECTRONICA,Monitor 24,2,92.02,184.04,Yape
V000490,2025-06-01,Lima Centro,Alimentos,Aceite de oliva,2,201.92,403.84,Yape
V000891,2025-04-19,Lima Centro,electronica,Monitor 24,2,231.05,-207.21,Transferencia
V001913,2025-06-17,Cusco, alimentos,Cafe molido 500g,4,290.64,1162.56,Efectivo
V001028,2025-05-29,Cusco,ROPA,Casaca impermeable,1,260.51,260.51,Yape
V001308,2025-04-21,Cusco,Juguetes,Set de bloques,1,437.95,437.95,Tarjeta
V000327,2025-05-08,Cusco,,Organizador,3,345.91,1037.73,Yape
V000999,2025-05-31,Cusco,electronica,Mouse inalambrico,5,195.99,979.95,Transferencia
V000062,2025-05-24,Cusco,Alimentos,Cafe molido 500g,1,79.62,79.62,Efectivo
V001263,2025-04-30,Lima Centro,Ropa,Jean clasico,1,413.21,413.21,Tarjeta
V001024,2025-06-08,Trujillo,juguetes,Set de bloques,3,376.63,1129.89,Tarjeta
V001761,2025-05-05,Arequipa,juguetes,Peluche mediano,1,276.88,276.88,Transferencia
V001585,2025-04-12,Miraflores,HOGAR ,Lampara LED,5,165.69,828.45,Transferencia
V000338,2025-04-23,Lima Centro,Juguetes,Set de bloques,2,438.22,876.44,Tarjeta
V001894,2025-05-19,Miraflores,juguetes,Set de bloques,2,219.76,-114.09,Yape
V001772,2025-04-05,Cusco,ropa ,Polo algodon,5,13.66,68.30,Tarjeta
V001493,2025-05-25,Lima Centro,Electronica,Mouse inalambrico,1,285.93,285.93,Plin
V001933,2025-06-07,Miraflores,,Set de bloques,5,220.84,1104.20,Efectivo
V001671,2025-04-22,Miraflores,ropa ,Polo algodon,1,452.42,452.42,Yape
V000299,2025-06-23,Arequipa,hogar,Lampara LED,2,331.04,662.08,Yape
V001472,2025-04-12,Trujillo,ELECTRONICA,Teclado mecanico,1,388.48,388.48,Plin
V001950,2025-05-02,Lima Centro,,Olla antiadherente,1,443.10,443.10,
V000075,2025-05-24,Arequipa,Ropa,Zapatillas urbanas,1,189.05,189.05,Yape
V001484,2025-06-16,Arequipa,Juguetes,Set de bloques,2,118.12,236.24,Transferencia
V000634,2025-04-09,Arequipa,ropa ,Casaca impermeable,1,479.65,479.65,Transferencia
V001705,2025-06-01,Trujillo,ropa ,Zapatillas urbanas,1,257.38,257.38,Efectivo
V000122,2025-04-18,Miraflores,Ropa,Polo algodon,0,248.01,0.00,Plin
V000667,2025-05-12,Arequipa, alimentos,Aceite de oliva,3,425.22,1275.66,Tarjeta
V001523,2025-04-19,Miraflores,hogar,Juego de sabanas,1,326.99,326.99,Plin
V000576,2025-04-04,Cusco,electronica,Monitor 24,2,241.49,482.98,Yape
V000543,2025-06-09,Cusco,Ropa,Jean clasico,1,442.44,442.44,Yape
V000833,2025-05-14,Trujillo,ropa ,Casaca impermeable,1,370.89,370.89,Transferencia
V001039,2025-06-16,Arequipa,HOGAR ,Olla antiadherente,1,369.96,369.96,Tarjeta
V000166,2025-06-18,Cusco,hogar,Organizador,2,360.74,721.48,Yape
V000320,2025-05-19,Arequipa, Electronica ,Teclado mecanico,1,471.30,471.30,Plin
V001020,2025-05-14,Trujillo,Hogar,Juego de sabanas,4,439.68,1758.72,Yape
V001781,2025-05-16,Cusco, alimentos,Cafe molido 500g,5,292.46,1462.30,Yape
V000779,2025-06-05,Cusco, Electronica ,Audifonos BT,2,269.56,539.12,Tarjeta
V001741,2025-06-06,Miraflores,hogar,Organizador,3,214.76,644.28,Transferencia
V000727,2025-05-19,Cusco,Hogar,Olla antiadherente,2,262.56,525.12,Tarjeta
V000290,2025-04-03,Arequipa, alimentos,Cafe molido 500g,4,427.88,1711.52,Yape
V001975,2025-05-11,Trujillo,electronica,Monitor 24,2,353.47,706.94,Plin
V000670,2025-05-27,Lima Centro,Juguetes,Set de bloques,4,91.63,366.52,Yape
V001182,2025-05-17,Cusco,Hogar,Juego de sabanas,4,45.74,182.96,Efectivo
V001946,2025-04-01,Trujillo,Hogar,Organizador,4,20.12,80.48,Yape
V000558,2025-06-28,Arequipa,Juguetes,Peluche mediano,1,204.99,204.99,Plin
V000258,2025-05-05,Miraflores,ALIMENTOS,Aceite de oliva,2,145.67,291.34,Yape
V001046,2025-05-20,Lima Centro,HOGAR ,Olla antiadherente,2,226.16,-19.37,Transferencia
V001141,2025-04-07,Arequipa,Juguetes,Rompecabezas 1000,2,454.88,909.76,Efectivo
V000970,2025-06-02,Cusco, Electronica ,Teclado mecanico,5,459.38,2296.90,Plin
V000703,2025-06-28,Cusco,Ropa,Jean clasico,1,243.91,243.91,Plin
V000839,2025-05-15,Trujillo,Electronica,Teclado mecanico,1,145.19,145.19,Plin
V000495,2025-05-01,Trujillo,electronica,Cargador USB-C,1,437.58,437.58,Yape
V000073,2025-05-23,Lima Centro, alimentos,Miel de abeja,1,21.63,21.63,
V001750,2025-05-12,Lima Centro,Electronica,Cargador USB-C,1,333.72,333.72,Efectivo
V001881,2025-04-22,Miraflores,ROPA,Jean clasico,5,89.23,446.15,Efectivo
V001390,2025-04-19,Trujillo,juguetes,Set de bloques,3,22.13,66.39,Yape
V001661,2025-04-11,Lima Centro,juguetes,Rompecabezas 1000,1,131.24,131.24,Plin
V000904,2025-06-25,Lima Centro,juguetes,Peluche mediano,3,68.07,204.21,Plin
V001918,2025-04-22,Cusco,Electronica,Cargador USB-C,1,252.30,252.30,Plin
V001033,2025-05-12,Miraflores,ALIMENTOS,Aceite de oliva,2,134.05,268.10,
V000103,2025-06-16,Arequipa,juguetes,Peluche mediano,3,324.25,972.75,Efectivo
V001929,2025-06-14,Arequipa, Electronica ,Monitor 24,4,388.81,1555.24,Efectivo
V000756,2025-04-29,Lima Centro,hogar,Organizador,2,241.65,483.30,Tarjeta
V000719,2025-05-12,Arequipa,ELECTRONICA,Teclado mecanico,1,384.15,384.15,Transferencia
V000752,2025-04-17,Arequipa,ropa ,Jean clasico,1,145.34,145.34,Efectivo
V001732,2025-05-04,Arequipa,hogar,Organizador,2,60.93,121.86,Transferencia
V001584,2025-06-18,Lima Centro,ALIMENTOS,Chocolate 70%,2,14.58,29.16,Tarjeta
V000760,2025-05-31,Miraflores,Hogar,Juego de sabanas,1,185.73,185.73,Efectivo
V000659,2025-04-12,Miraflores,ELECTRONICA,Cargador USB-C,3,188.31,564.93,Tarjeta
V001992,2025-06-29,Cusco,ELECTRONICA,Mouse inalambrico,5,134.15,670.75,Tarjeta
V001655,2025-06-25,Cusco,ropa ,Casaca impermeable,2,30.54,61.08,Tarjeta
V000232,2025-05-06,Miraflores,Hogar,Lampara LED,2,457.53,915.06,Plin
V001166,2025-06-19,Trujillo,Hogar,Olla antiadherente,2,151.13,302.26,Efectivo
V000832,2025-04-11,Lima Centro,Juguetes,Rompecabezas 1000,1,285.15,285.15,Tarjeta
V001590,2025-06-28,Lima Centro,hogar,Lampara LED,1,352.72,352.72,Plin
V001282,2025-04-29,Miraflores,Alimentos,Miel de abeja,1,457.39,457.39,Transferencia
V000279,2025-05-26,Miraflores,Juguetes,Rompecabezas 1000,3,288.38,865.14,Tarjeta
V001822,2025-06-26,Trujillo,,Teclado mecanico,5,168.82,844.10,Tarjeta
V000582,2025-06-12,Cusco,HOGAR ,Organizador,2,302.80,605.60,Yape
V000809,2025-05-29,Trujillo,ELECTRONICA,Mouse inalambrico,1,425.84,425.84,Efectivo
V000411,2025-06-28,Trujillo,,Juego de sabanas,1,382.95,382.95,Efectivo
V001005,2025-06-15,Lima Centro,Juguetes,Peluche mediano,1,275.24,275.24,Efectivo
V001598,2025-06-23,Miraflores, alimentos,Miel de abeja,5,175.97,879.85,Efectivo
V001311,2025-06-25,Arequipa,ALIMENTOS,Miel de abeja,3,311.27,933.81,Transferencia
V001800,2025-04-13,Cusco,,Chocolate 70%,1,456.89,456.89,Efectivo
V000174,2025-06-21,Arequipa,hogar,Lampara LED,2,37.32,74.64,Yape
V000111,2025-06-21,Trujillo,electronica,Monitor 24,1,213.90,213.90,Transferencia
V000399,2025-06-10,Trujillo,juguetes,Rompecabezas 1000,1,24.59,24.59,Transferencia
V001839,2025-04-24,Trujillo,juguetes,Peluche mediano,2,235.10,470.20,Tarjeta
V001237,2025-04-28,Miraflores,ELECTRONICA,Audifonos BT,0,284.39,0.00,Tarjeta
V001654,2025-06-24,Cusco,hogar,Lampara LED,5,142.56,712.80,Transferencia
V001306,2025-05-14,Lima Centro,electronica,Audifonos BT,1,420.16,-79.47,Efectivo
V001209,2025-05-29,Trujillo,Juguetes,Rompecabezas 1000,2,13.83,27.66,Plin
V000958,2025-05-20,Arequipa,HOGAR ,Organizador,3,30.79,92.37,Plin
V000224,2025-05-24,Cusco,Juguetes,Peluche mediano,1,325.24,325.24,Tarjeta
V001197,2025-04-21,Cusco,ALIMENTOS,Aceite de oliva,5,365.99,1829.95,Transferencia
V000926,2025-04-06,Lima Centro,HOGAR ,Juego de sabanas,4,290.33,1161.32,Tarjeta
V001901,2025-04-06,Trujillo,,Teclado mecanico,5,232.38,1161.90,Transferencia
V001378,2025-04-28,Lima Centro, alimentos,Miel de abeja,1,394.18,394.18,Yape
V000463,2025-05-24,Trujillo, alimentos,Aceite de oliva,2,342.45,-16.96,Tarjeta
V001870,2025-04-19,Lima Centro,hogar,Organizador,3,79.34,238.02,Efectivo
V000636,2025-04-14,Cusco,Ropa,Polo algodon,1,445.37,445.37,Transferencia
V000790,2025-05-07,Trujillo,HOGAR ,Juego de sabanas,2,32.56,65.12,Plin
V001597,2025-06-16,Miraflores,,Polo algodon,4,166.34,665.36,Efectivo
V001331,2025-05-22,Lima Centro, alimentos,Aceite de oliva,1,59.84,59.84,Transferencia
V000300,2025-04-04,Trujillo,ropa ,Casaca impermeable,2,432.65,865.30,Yape
V001809,2025-05-27,Cusco,ROPA,Casaca impermeable,2,472.24,944.48,Plin
V000424,2025-04-05,Arequipa,ROPA,Casaca impermeable,4,369.41,1477.64,
V001350,2025-04-22,Cusco,ropa ,Jean clasico,3,22.14,66.42,Efectivo
V001470,2025-05-02,Arequipa,hogar,Organizador,2,302.01,604.02,Plin
V000113,2025-04-15,Cusco,ALIMENTOS,Miel de abeja,1,194.80,194.80,Efectivo
V001572,2025-06-21,Cusco,electronica,Mouse inalambrico,1,167.19,167.19,Transferencia
V001609,2025-06-12,Arequipa,juguetes,Set de bloques,4,21.21,84.84,Plin
V001397,2025-05-22,Trujillo,hogar,Lampara LED,1,430.78,430.78,Plin
V001856,2025-06-03,Miraflores,Juguetes,Set de bloques,1,337.87,337.87,Tarjeta
V000269,2025-06-29,Arequipa, alimentos,Chocolate 70%,1,91.12,91.12,Transferencia
V000933,2025-06-06,Miraflores,juguetes,Peluche mediano,1,33.49,33.49,Tarjeta
V000405,2025-04-03,Miraflores,electronica,Teclado mecanico,1,144.69,144.69,Plin
V000221,2025-06-30,Miraflores,Alimentos,Aceite de oliva,1,310.31,-188.09,Plin
V000245,2025-04-10,Lima Centro, Electronica ,Cargador USB-C,1,473.81,473.81,Tarjeta
V001349,2025-05-12,Trujillo,ropa ,Casaca impermeable,1,252.47,252.47,Efectivo
V001861,2025-05-06,Arequipa,ROPA,Polo algodon,1,95.87,95.87,Tarjeta
V000603,2025-04-25,Trujillo,Hogar,Lampara LED,5,188.34,941.70,Yape
V001734,2025-04-23,Trujillo,ropa ,Casaca impermeable,1,209.60,209.60,Transferencia
V000143,2025-06-30,Lima Centro,Electronica,Teclado mecanico,1,221.36,221.36,Yape
V000472,2025-06-24,Arequipa, Electronica ,Mouse inalambrico,1,332.29,332.29,Efectivo
V001766,2025-05-04,Lima Centro,Juguetes,Peluche mediano,4,465.52,1862.08,Tarjeta
V001477,2025-05-27,Arequipa,Ropa,Polo algodon,1,165.54,165.54,Tarjeta
V001038,2025-04-15,Cusco,Alimentos,Aceite de oliva,4,442.80,1771.20,Tarjeta
V000211,2025-04-26,Trujillo,Juguetes,Set de bloques,3,215.79,647.37,Transferencia
V000416,2025-06-19,Miraflores,Juguetes,Set de bloques,5,8.34,41.70,Transferencia
V001176,2025-04-08,Miraflores,juguetes,Rompecabezas 1000,1,283.06,283.06,Efectivo
V001880,2025-05-16,Trujillo,,Juego de sabanas,4,87.66,350.64,Efectivo
V000720,2025-05-12,Miraflores,juguetes,Peluche mediano,2,302.85,605.70,Tarjeta
V000840,2025-04-09,Arequipa,ALIMENTOS,Miel de abeja,1,48.51,48.51,Tarjeta
V001330,2025-05-01,Trujillo,ALIMENTOS,Aceite de oliva,2,404.23,808.46,
V001139,2025-05-19,Lima Centro,hogar,Organizador,2,141.37,282.74,Plin
V001315,2025-04-12,Miraflores,Juguetes,Set de bloques,1,243.19,243.19,Yape
V001593,2025-04-20,Lima Centro, alimentos,Aceite de oliva,1,33.48,33.48,Tarjeta
V000285,2025-06-26,Cusco,Juguetes,Rompecabezas 1000,5,149.06,745.30,Transferencia
V000653,2025-06-10,Arequipa,Juguetes,Set de bloques,1,450.18,450.18,
V000820,2025-04-27,Lima Centro,Juguetes,Rompecabezas 1000,4,47.47,189.88,Tarjeta
V000921,2025-06-12,Lima Centro,Alimentos,Chocolate 70%,3,299.92,899.76,Plin
V001446,2025-05-01,Cusco,ropa ,Zapatillas urbanas,1,458.92,458.92,Efectivo
V001785,2025-05-22,Cusco,Juguetes,Rompecabezas 1000,1,277.93,277.93,Yape
V000836,2025-05-31,Arequipa,Ropa,Jean clasico,1,40.17,40.17,Plin
V001528,2025-05-21,Trujillo,Ropa,Jean clasico,2,164.24,328.48,Efectivo
V001968,2025-04-16,Cusco,electronica,Mouse inalambrico,2,360.66,721.32,Tarjeta
V000408,2025-05-02,Trujillo,hogar,Organizador,1,264.39,264.39,Efectivo
V001080,2025-04-06,Miraflores,,Set de bloques,1,97.14,97.14,Transferencia
V000126,2025-06-10,Lima Centro,ALIMENTOS,Miel de abeja,1,393.57,393.57,Plin
V000135,2025-06-09,Trujillo,Ropa,Polo algodon,5,25.46,127.30,Yape
V000121,2025-05-19,Arequipa,juguetes,Peluche mediano,1,440.70,440.70,Efectivo
V001205,2025-06-20,Cusco,Alimentos,Cafe molido 500g,3,339.26,1017.78,Tarjeta
V001424,2025-06-04,Lima Centro,ROPA,Casaca impermeable,4,454.54,1818.16,Yape
V000282,2025-06-09,Trujillo,ROPA,Casaca impermeable,2,469.17,938.34,Yape
V000396,2025-05-01,Arequipa,Hogar,Organizador,3,361.01,1083.03,Efectivo
V001639,2025-05-28,Cusco,HOGAR ,Organizador,2,15.98,31.96,Tarjeta
V001509,2025-05-18,Cusco,Juguetes,Set de bloques,2,206.83,413.66,Transferencia
V000020,2025-06-02,Miraflores,ROPA,Zapatillas urbanas,1,473.07,473.07,Transferencia
V000729,2025-06-17,Miraflores,Ropa,Casaca impermeable,2,247.50,495.00,Tarjeta
V000568,2025-04-22,Lima Centro, Electronica ,Monitor 24,5,254.70,1273.50,Transferencia
V001160,2025-05-30,Cusco,ropa ,Casaca impermeable,2,344.34,688.68,Transferencia
V000434,2025-04-07,Miraflores,juguetes,Set de bloques,1,215.90,215.90,Efectivo
V001010,2025-05-18,Cusco,Juguetes,Rompecabezas 1000,2,111.02,222.04,Plin
V000550,2025-04-18,Miraflores, Electronica ,Cargador USB-C,4,49.75,199.00,Plin
V000281,2025-04-13,Lima Centro,juguetes,Peluche mediano,5,80.49,402.45,Transferencia
V001014,2025-06-16,Cusco,Electronica,Monitor 24,4,373.36,1493.44,Tarjeta
V001081,2025-05-05,Miraflores,Juguetes,Set de bloques,1,162.56,162.56,Tarjeta
V000171,2025-04-24,Lima Centro,Juguetes,Set de bloques,1,409.70,409.70,Plin
V001336,2025-04-13,Lima Centro, alimentos,Miel de abeja,1,56.43,56.43,Tarjeta
V001689,2025-04-25,Miraflores,Electronica,Monitor 24,4,43.87,175.48,Transferencia
V001281,2025-06-05,Arequipa,Juguetes,Rompecabezas 1000,2,388.52,777.04,Yape
V000389,2025-05-06,Trujillo,HOGAR ,Organizador,3,180.72,542.16,Yape
V000134,2025-06-01,Miraflores,ropa ,Polo algodon,3,70.97,212.91,Plin
V000486,2025-05-26,Cusco,hogar,Juego de sabanas,2,416.60,833.20,Plin
V001691,2025-06-08,Miraflores,ropa ,Casaca impermeable,1,456.29,456.29,Efectivo
V000510,2025-04-18,Lima Centro,electronica,Monitor 24,2,149.07,298.14,Plin
V000024,2025-06-04,Arequipa,HOGAR ,Organizador,3,446.50,-190.14,Efectivo
V001337,2025-05-01,Cusco,hogar,Juego de sabanas,4,64.77,259.08,Efectivo
V001860,2025-04-14,Cusco,Electronica,Monitor 24,5,477.03,2385.15,
V001517,2025-05-03,Cusco,Juguetes,Rompecabezas 1000,4,21.10,84.40,Transferencia
V000473,2025-06-25,Lima Centro,electronica,Cargador USB-C,2,309.54,619.08,Yape
V000712,2025-05-18,Lima Centro,juguetes,Set de bloques,1,337.48,337.48,Transferencia
V000825,2025-05-25,Trujillo,Hogar,Juego de sabanas,1,36.32,36.32,Efectivo
V001514,2025-05-14,Arequipa,Ropa,Casaca impermeable,3,129.82,389.46,Tarjeta
V000528,2025-04-06,Lima Centro,Ropa,Jean clasico,4,281.51,1126.04,Efectivo
V001129,2025-06-07,Trujillo,Juguetes,Set de bloques,1,466.26,466.26,Efectivo
V000803,2025-06-21,Miraflores,Hogar,Lampara LED,2,147.88,295.76,Tarjeta
V001954,2025-05-30,Arequipa,Alimentos,Aceite de oliva,2,348.96,697.92,Tarjeta
V001986,2025-04-24,Trujillo,ROPA,Casaca impermeable,1,21.90,21.90,Tarjeta
V001320,2025-06-30,Miraflores,Ropa,Polo algodon,3,87.48,262.44,Efectivo
V001445,2025-06-12,Cusco,Ropa,Zapatillas urbanas,2,444.98,889.96,Tarjeta
V000363,2025-04-15,Trujillo,Hogar,Olla antiadherente,1,96.22,96.22,Plin
V000099,2025-04-19,Lima Centro, Electronica ,Monitor 24,4,209.20,836.80,Efectivo
V000426,2025-05-03,Arequipa,juguetes,Peluche mediano,1,52.50,52.50,Transferencia
V000080,2025-04-05,Cusco,juguetes,Peluche mediano,4,314.72,1258.88,Plin
V000674,2025-05-25,Lima Centro,juguetes,Rompecabezas 1000,2,98.55,197.10,
V000560,2025-04-14,Lima Centro,Ropa,Casaca impermeable,1,208.51,208.51,Plin
V001203,2025-06-21,Trujillo,Alimentos,Cafe molido 500g,1,111.37,111.37,Yape
V000771,2025-05-05,Miraflores,Alimentos,Miel de abeja,1,453.92,453.92,Efectivo
V001821,2025-04-02,Lima Centro,juguetes,Rompecabezas 1000,2,54.50,109.00,Yape
V000631,2025-05-14,Cusco,Alimentos,Cafe molido 500g,1,143.94,143.94,Transferencia
V001774,2025-06-12,Lima Centro, Electronica ,Mouse inalambrico,5,232.58,1162.90,Yape
V000893,2025-06-24,Miraflores,Hogar,Lampara LED,5,61.22,306.10,Plin
V000605,2025-05-03,Lima Centro,ELECTRONICA,Audifonos BT,5,70.87,354.35,Plin
V000482,2025-06-16,Trujillo,juguetes,Set de bloques,3,270.00,810.00,Efectivo
V000580,2025-06-25,Arequipa,Juguetes,Set de bloques,3,278.24,834.72,Transferencia
V000304,2025-06-27,Trujillo, alimentos,Cafe molido 500g,5,33.34,166.70,Tarjeta
V000151,2025-04-19,Arequipa,ROPA,Zapatillas urbanas,2,222.07,444.14,Tarjeta
V001912,2025-06-18,Trujillo,Electronica,Teclado mecanico,3,150.77,452.31,Yape
V001791,2025-05-29,Cusco,ELECTRONICA,Cargador USB-C,1,189.48,189.48,Plin
V000403,2025-04-29,Arequipa,ELECTRONICA,Cargador USB-C,3,97.01,291.03,Plin
V001352,2025-04-19,Cusco,hogar,Organizador,1,383.09,383.09,Efectivo
V000804,2025-06-20,Cusco,Hogar,Olla antiadherente,2,420.24,840.48,Efectivo
V001110,2025-06-03,Miraflores,Hogar,Lampara LED,4,322.81,1291.24,Plin
V001746,2025-06-13,Miraflores,Ropa,Zapatillas urbanas,1,137.85,137.85,Transferencia
V001288,2025-04-11,Lima Centro,hogar,Lampara LED,3,322.38,967.14,Efectivo
V000685,2025-05-30,Cusco,Electronica,Monitor 24,3,100.23,300.69,Plin
V000894,2025-05-19,Lima Centro,hogar,Organizador,1,123.34,123.34,Efectivo
V001871,2025-05-11,Miraflores,Juguetes,Set de bloques,1,219.72,-175.61,Transferencia
V000768,2025-06-28,Arequipa,ropa ,Jean clasico,1,454.61,454.61,Tarjeta
V000967,2025-06-20,Cusco,Ropa,Polo algodon,4,39.75,159.00,Yape
V001223,2025-04-27,Cusco,electronica,Cargador USB-C,1,241.74,241.74,Plin
V001226,2025-06-15,Cusco,ALIMENTOS,Cafe molido 500g,5,158.87,794.35,Efectivo
V001594,2025-04-09,Trujillo,HOGAR ,Juego de sabanas,2,139.57,279.14,Transferencia
V000294,2025-05-01,Arequipa, alimentos,Cafe molido 500g,3,340.59,1021.77,Efectivo
V000676,2025-05-25,Lima Centro,HOGAR ,Organizador,5,157.27,786.35,Tarjeta
V001760,2025-05-22,Arequipa,juguetes,Peluche mediano,2,287.41,574.82,Efectivo
V001715,2025-04-05,Miraflores,Hogar,Juego de sabanas,1,320.88,320.88,Tarjeta
V000332,2025-06-29,Cusco,hogar,Organizador,3,466.07,1398.21,Transferencia
V000230,2025-06-30,Cusco,Hogar,Lampara LED,1,215.24,215.24,Transferencia
V001305,2025-06-09,Cusco,hogar,Lampara LED,4,84.40,337.60,Yape
V000924,2025-05-13,Lima Centro,Juguetes,Peluche mediano,1,283.07,283.07,Plin
V001090,2025-04-02,Arequipa, alimentos,Cafe molido 500g,1,439.21,439.21,Tarjeta
V001558,2025-04-30,Trujillo,ROPA,Zapatillas urbanas,1,471.06,471.06,Efectivo
V001519,2025-05-05,Trujillo,ALIMENTOS,Aceite de oliva,2,420.82,841.64,Efectivo
V001408,2025-06-21,Trujillo,Alimentos,Cafe molido 500g,3,116.04,348.12,Transferencia
V001448,2025-04-03,Cusco,hogar,Organizador,1,238.86,238.86,Plin
V001104,2025-05-21,Cusco,ELECTRONICA,Audifonos BT,4,74.22,296.88,Tarjeta
V001618,2025-04-23,Trujillo,Juguetes,Set de bloques,1,440.42,440.42,Yape
V000161,2025-06-29,Lima Centro,juguetes,Rompecabezas 1000,1,283.42,283.42,Tarjeta
V001806,2025-05-10,Trujillo, alimentos,Cafe molido 500g,1,301.60,-154.77,Tarjeta
V000487,2025-06-25,Miraflores,ROPA,Casaca impermeable,5,73.64,368.20,Tarjeta
V001516,2025-04-18,Arequipa,ROPA,Casaca impermeable,2,93.45,186.90,Plin
V001118,2025-05-21,Cusco,HOGAR ,Juego de sabanas,1,97.58,97.58,Transferencia
V001148,2025-06-12,Arequipa,ropa ,Jean clasico,1,453.33,453.33,Transferencia
V001379,2025-06-02,Trujillo,ropa ,Casaca impermeable,2,431.62,863.24,Plin
V001976,2025-05-22,Cusco, Electronica ,Cargador USB-C,1,366.00,366.00,Yape
V000506,2025-06-25,Trujillo, Electronica ,Audifonos BT,1,277.67,277.67,Efectivo
V001123,2025-05-01,Arequipa,ROPA,Zapatillas urbanas,4,360.49,1441.96,Yape
V001267,2025-04-09,Trujillo,ropa ,Jean clasico,2,226.26,452.52,Transferencia
V001823,2025-05-24,Lima Centro,Juguetes,Peluche mediano,1,230.63,230.63,Plin
V001497,2025-06-09,Miraflores,ELECTRONICA,Monitor 24,1,83.43,83.43,Plin
V000297,2025-05-10,Arequipa,Juguetes,Rompecabezas 1000,1,231.77,231.77,Transferencia
V001366,2025-04-28,Miraflores,Juguetes,Peluche mediano,1,325.98,325.98,Yape
V001751,2025-05-19,Trujillo,ROPA,Jean clasico,2,345.31,690.62,Transferencia
V001568,2025-04-13,Trujillo,Electronica,Audifonos BT,5,304.86,-297.13,Efectivo
V000348,2025-05-27,Trujillo,juguetes,Rompecabezas 1000,1,176.83,176.83,Yape
V000565,2025-06-30,Arequipa,Juguetes,Rompecabezas 1000,4,61.26,245.04,Plin
V001055,2025-06-12,Lima Centro,Electronica,Mouse inalambrico,2,153.99,307.98,Yape
V000785,2025-06-24,Arequipa,Hogar,Juego de sabanas,1,211.34,211.34,
V000650,2025-06-30,Cusco, alimentos,Miel de abeja,5,353.37,1766.85,Plin
V000781,2025-06-05,Arequipa,Juguetes,Rompecabezas 1000,5,463.31,2316.55,Yape
V001537,2025-06-26,Trujillo, alimentos,Miel de abeja,4,187.08,-253.97,Transferencia
V000418,2025-04-05,Cusco,Electronica,Cargador USB-C,1,28.66,28.66,Plin
V000717,2025-06-16,Lima Centro,Electronica,Cargador USB-C,2,216.65,433.30,Yape
V000706,2025-04-30,Arequipa,Ropa,Polo algodon,1,23.13,23.13,Plin
V000716,2025-04-23,Miraflores,Ropa,Jean clasico,1,260.36,260.36,Tarjeta
V000595,2025-06-20,Arequipa,Alimentos,Cafe molido 500g,4,445.78,1783.12,Tarjeta
V001762,2025-05-05,Miraflores,hogar,Juego de sabanas,2,400.31,800.62,Plin
V001380,2025-04-01,Cusco,Alimentos,Aceite de oliva,2,472.41,944.82,Yape
V000347,2025-06-19,Lima Centro,hogar,Organizador,4,220.93,883.72,
V001695,2025-04-23,Lima Centro,Electronica,Cargador USB-C,4,349.83,1399.32,Plin
V000683,2025-06-23,Arequipa,Alimentos,Miel de abeja,5,95.76,478.80,Plin
V001757,2025-06-21,Arequipa,electronica,Audifonos BT,1,302.27,302.27,Tarjeta
V000737,2025-05-19,Cusco, alimentos,Cafe molido 500g,2,421.47,842.94,Transferencia
V000445,2025-04-30,Cusco,HOGAR ,Olla antiadherente,2,58.40,116.80,Transferencia
V000404,2025-05-23,Miraflores,electronica,Monitor 24,2,251.84,503.68,Transferencia
V001995,2025-05-07,Cusco,Electronica,Teclado mecanico,1,82.08,82.08,Efectivo
V001031,2025-04-28,Trujillo,ropa ,Jean clasico,2,298.55,597.10,Yape
V001700,2025-06-10,Miraflores,Hogar,Juego de sabanas,3,390.14,1170.42,Efectivo
V001241,2025-05-26,Cusco,ropa ,Zapatillas urbanas,4,312.93,1251.72,Plin
V001685,2025-04-03,Trujillo,Alimentos,Aceite de oliva,2,95.31,190.62,Yape
V000164,2025-06-02,Arequipa,juguetes,Set de bloques,2,459.86,919.72,Tarjeta
V000907,2025-04-01,Miraflores,ROPA,Casaca impermeable,2,304.53,609.06,Tarjeta
V000715,2025-06-17,Lima Centro,juguetes,Peluche mediano,2,344.81,689.62,Tarjeta
V000596,2025-04-13,Miraflores,ALIMENTOS,Cafe molido 500g,2,416.96,833.92,Yape
V001600,2025-04-20,Cusco,juguetes,Peluche mediano,2,64.32,128.64,Plin
V000916,2025-04-23,Trujillo, alimentos,Miel de abeja,3,366.68,1100.04,Efectivo
V000256,2025-04-12,Lima Centro,Hogar,Juego de sabanas,2,258.07,516.14,Tarjeta
V001896,2025-05-01,Arequipa,hogar,Olla antiadherente,3,303.39,910.17,Plin
V000896,2025-06-27,Miraflores,juguetes,Peluche mediano,3,401.73,1205.19,Efectivo
V000802,2025-06-30,Cusco,Juguetes,Set de bloques,2,94.88,189.76,Transferencia
V001438,2025-06-21,Trujillo,hogar,Organizador,4,284.80,1139.20,Tarjeta
V000273,2025-06-11,Cusco,hogar,Olla antiadherente,1,353.67,353.67,Tarjeta
V001301,2025-04-29,Trujillo,hogar,Lampara LED,1,393.50,393.50,Transferencia
V000308,2025-04-14,Trujillo,HOGAR ,Juego de sabanas,3,365.23,-11.20,Yape
V000889,2025-06-25,Trujillo,ALIMENTOS,Chocolate 70%,2,88.35,176.70,Tarjeta
V001175,2025-04-02,Arequipa,Ropa,Polo algodon,2,43.12,86.24,
V000635,2025-06-11,Arequipa,ALIMENTOS,Cafe molido 500g,2,64.96,129.92,Efectivo
V001920,2025-06-15,Lima Centro,Juguetes,Set de bloques,1,310.83,310.83,Efectivo
V001172,2025-04-26,Trujillo,Electronica,Mouse inalambrico,5,319.24,-262.89,Efectivo
V001708,2025-04-20,Trujillo,Juguetes,Peluche mediano,2,263.36,526.72,Efectivo
V001269,2025-06-16,Arequipa,hogar,Organizador,2,255.08,510.16,Efectivo
V000807,2025-05-26,Arequipa,juguetes,Rompecabezas 1000,5,112.14,560.70,Tarjeta
V001064,2025-05-09,Cusco,ROPA,Casaca impermeable,1,368.07,368.07,Plin
V000162,2025-04-08,Miraflores,ROPA,Polo algodon,5,156.06,780.30,Transferencia
V001066,2025-05-16,Arequipa,juguetes,Set de bloques,2,115.96,231.92,Yape
V000783,2025-04-05,Trujillo,hogar,Olla antiadherente,1,356.35,356.35,Transferencia
V001130,2025-05-13,Lima Centro,,Casaca impermeable,2,470.46,940.92,Plin
V001252,2025-04-30,Miraflores, alimentos,Aceite de oliva,1,428.70,-107.91,Yape
V001773,2025-06-14,Lima Centro,HOGAR ,Olla antiadherente,4,429.62,1718.48,Plin
V001533,2025-04-23,Arequipa,HOGAR ,Organizador,2,25.19,50.38,Plin
V000577,2025-05-16,Trujillo,electronica,Teclado mecanico,3,172.67,-268.49,Plin
V000341,2025-06-24,Arequipa,juguetes,Rompecabezas 1000,1,253.73,253.73,Tarjeta
V000834,2025-06-18,Cusco,ropa ,Jean clasico,2,178.07,356.14,Plin
V000380,2025-05-14,Lima Centro,HOGAR ,Olla antiadherente,2,222.65,-60.76,Efectivo
V001970,2025-05-11,Trujillo,Alimentos,Miel de abeja,1,417.20,417.20,Transferencia
V000393,2025-05-07,Arequipa,Juguetes,Set de bloques,3,17.36,52.08,Transferencia
V001296,2025-06-03,Arequipa,Ropa,Jean clasico,4,52.00,208.00,Tarjeta
V000705,2025-05-09,Lima Centro,ALIMENTOS,Aceite de oliva,4,38.07,152.28,Plin
V000343,2025-04-04,Cusco,Ropa,Casaca impermeable,1,330.16,330.16,Transferencia
V001521,2025-06-10,Arequipa,ROPA,Zapatillas urbanas,3,115.60,346.80,Transferencia
V001844,2025-06-27,Cusco,Hogar,Organizador,2,91.24,182.48,Yape
V000855,2025-05-21,Lima Centro,HOGAR ,Lampara LED,3,88.43,265.29,Tarjeta
V001636,2025-04-08,Cusco,Ropa,Jean clasico,1,316.31,-201.40,Tarjeta
V000365,2025-06-24,Arequipa, Electronica ,Cargador USB-C,1,34.39,34.39,Transferencia
V000238,2025-06-20,Arequipa,HOGAR ,Olla antiadherente,2,52.06,104.12,Tarjeta
V001430,2025-04-16,Cusco,ROPA,Polo algodon,2,456.58,-112.62,Transferencia
V001927,2025-04-16,Arequipa, alimentos,Chocolate 70%,2,328.80,657.60,Transferencia
V000637,2025-06-04,Trujillo,electronica,Cargador USB-C,1,86.85,86.85,Yape
V001372,2025-06-19,Miraflores, alimentos,Chocolate 70%,5,308.59,1542.95,Plin
V001167,2025-04-06,Miraflores,ropa ,Zapatillas urbanas,2,333.66,667.32,Plin
V000934,2025-04-03,Trujillo,Hogar,Olla antiadherente,1,183.77,183.77,Plin
V000653,2025-06-10,Arequipa,Juguetes,Set de bloques,1,450.18,450.18,
V000564,2025-05-25,Miraflores,Electronica,Teclado mecanico,5,180.97,904.85,Yape
V000587,2025-05-10,Trujillo,Hogar,Olla antiadherente,2,332.20,664.40,Tarjeta
V001959,2025-06-26,Miraflores,juguetes,Set de bloques,1,232.70,232.70,Efectivo
V000284,2025-06-27,Trujillo, Electronica ,Mouse inalambrico,4,466.17,1864.68,Plin
V000249,2025-04-17,Arequipa,hogar,Olla antiadherente,1,13.98,-153.96,Yape
V000841,2025-04-28,Arequipa,Hogar,Organizador,2,339.48,678.96,Plin
V001103,2025-06-18,Cusco, alimentos,Miel de abeja,3,72.25,-82.89,Tarjeta
V001616,2025-05-29,Miraflores, Electronica ,Mouse inalambrico,3,426.25,1278.75,Tarjeta
V000641,2025-06-24,Miraflores,ELECTRONICA,Cargador USB-C,1,48.02,48.02,Plin
V000485,2025-04-01,Cusco,electronica,Cargador USB-C,1,296.62,296.62,Transferencia
V001060,2025-04-15,Trujillo,electronica,Monitor 24,2,55.14,110.28,Transferencia
V001486,2025-04-21,Lima Centro,ELECTRONICA,Teclado mecanico,5,32.06,160.30,Plin
V001501,2025-05-17,Arequipa,ROPA,Casaca impermeable,1,441.46,441.46,Efectivo
V000769,2025-04-28,Miraflores,Juguetes,Set de bloques,2,332.70,665.40,Yape
V001398,2025-04-07,Miraflores,ROPA,Casaca impermeable,3,17.19,51.57,Plin
V000254,2025-05-18,Cusco, alimentos,Chocolate 70%,2,162.49,-68.19,Transferencia
V000366,2025-06-14,Miraflores,ELECTRONICA,Teclado mecanico,5,294.28,1471.40,Transferencia
V000954,2025-06-29,Cusco,ALIMENTOS,Cafe molido 500g,1,475.25,475.25,Yape
V001289,2025-06-07,Lima Centro,juguetes,Rompecabezas 1000,2,380.66,761.32,Transferencia
V000748,2025-06-01,Cusco,juguetes,Peluche mediano,1,68.35,68.35,Plin
V001418,2025-06-07,Lima Centro,Ropa,Casaca impermeable,3,251.61,754.83,Transferencia
V001527,2025-06-09,Cusco,ALIMENTOS,Aceite de oliva,1,128.33,128.33,Tarjeta
V000992,2025-06-18,Trujillo,ROPA,Jean clasico,1,67.80,67.80,Transferencia
V001136,2025-04-20,Cusco,ELECTRONICA,Mouse inalambrico,2,58.87,117.74,Plin
V000995,2025-05-06,Miraflores, alimentos,Miel de abeja,3,155.15,465.45,Tarjeta
V000440,2025-05-20,Lima Centro,ropa ,Polo algodon,3,330.99,992.97,Efectivo
V000441,2025-06-18,Miraflores,Juguetes,Set de bloques,2,79.61,159.22,Transferencia
V001042,2025-06-18,Cusco,Ropa,Polo algodon,4,281.83,1127.32,Transferencia
V001559,2025-06-01,Arequipa, Electronica ,Cargador USB-C,1,102.22,102.22,
V001542,2025-05-09,Lima Centro,Electronica,Monitor 24,4,466.99,1867.96,Plin
V001736,2025-04-14,Arequipa, alimentos,Chocolate 70%,2,445.35,890.70,Transferencia
V001893,2025-05-13,Miraflores,juguetes,Rompecabezas 1000,5,153.21,766.05,Yape
V000813,2025-05-25,Trujillo,juguetes,Rompecabezas 1000,1,397.36,397.36,Tarjeta
V000439,2025-06-02,Trujillo,Juguetes,Rompecabezas 1000,1,101.87,101.87,Transferencia
V000454,2025-04-23,Lima Centro,ropa ,Zapatillas urbanas,4,28.72,114.88,Tarjeta
V000625,2025-04-25,Lima Centro,Hogar,Lampara LED,4,387.79,1551.16,Efectivo
V001341,2025-04-05,Lima Centro,Electronica,Teclado mecanico,2,398.47,796.94,Tarjeta
V000824,2025-06-22,Lima Centro,ALIMENTOS,Aceite de oliva,1,229.73,229.73,Yape
V001303,2025-05-20,Cusco,hogar,Juego de sabanas,5,474.75,2373.75,Tarjeta
V000306,2025-04-22,Cusco,HOGAR ,Olla antiadherente,1,238.14,238.14,Plin
V000410,2025-05-01,Trujillo,Ropa,Polo algodon,1,127.56,127.56,Tarjeta
V001105,2025-04-20,Miraflores,ROPA,Casaca impermeable,3,41.29,123.87,Transferencia
V001370,2025-04-02,Miraflores, alimentos,Chocolate 70%,4,52.99,211.96,Transferencia
V000312,2025-05-31,Miraflores,juguetes,Rompecabezas 1000,0,316.48,0.00,Efectivo
V000222,2025-06-25,Trujillo,ROPA,Jean clasico,1,280.51,280.51,Plin
V000130,2025-04-16,Lima Centro, Electronica ,Mouse inalambrico,2,402.10,804.20,Yape
V000342,2025-05-15,Trujillo,HOGAR ,Lampara LED,2,111.11,222.22,Efectivo
V001040,2025-04-29,Trujillo,HOGAR ,Lampara LED,1,321.52,321.52,Transferencia
V000696,2025-05-30,Cusco,ROPA,Jean clasico,2,267.86,535.72,Tarjeta
V001034,2025-05-31,Cusco, Electronica ,Cargador USB-C,2,351.69,703.38,Yape
V000881,2025-05-10,Trujillo, alimentos,Miel de abeja,2,238.17,476.34,Yape
V000853,2025-06-04,Arequipa,,Organizador,4,436.57,1746.28,Yape
V001604,2025-05-26,Lima Centro,juguetes,Set de bloques,3,12.03,36.09,Tarjeta
V001481,2025-04-05,Cusco,Juguetes,Rompecabezas 1000,3,125.67,377.01,Transferencia
V001862,2025-04-22,Miraflores,Juguetes,Peluche mediano,1,284.02,284.02,
V000751,2025-05-26,Miraflores,HOGAR ,Olla antiadherente,1,311.96,311.96,Transferencia
V000250,2025-06-03,Cusco,Electronica,Audifonos BT,3,388.95,1166.85,Transferencia
V001586,2025-06-28,Miraflores,Juguetes,Peluche mediano,4,155.12,620.48,Tarjeta
V000220,2025-05-30,Miraflores,HOGAR ,Juego de sabanas,1,446.92,446.92,Transferencia
V000816,2025-06-03,Arequipa,hogar,Olla antiadherente,4,78.90,315.60,Efectivo
V001302,2025-04-03,Cusco,ROPA,Zapatillas urbanas,1,210.97,210.97,Transferencia
V000979,2025-06-29,Cusco, Electronica ,Mouse inalambrico,5,185.75,928.75,Plin
V000388,2025-05-04,Miraflores,ALIMENTOS,Chocolate 70%,1,13.58,13.58,Yape
V000530,2025-06-13,Cusco,ROPA,Casaca impermeable,3,147.61,442.83,Tarjeta
V001360,2025-04-22,Cusco,Juguetes,Peluche mediano,1,196.66,196.66,Transferencia
V001814,2025-05-07,Cusco,Ropa,Polo algodon,0,226.82,0.00,Yape
V000179,2025-05-31,Lima Centro,Electronica,Teclado mecanico,1,29.38,29.38,Efectivo
V000658,2025-04-24,Trujillo,ropa ,Casaca impermeable,5,47.95,239.75,Efectivo
V001442,2025-05-04,Arequipa,Ropa,Zapatillas urbanas,4,252.82,1011.28,Plin
V001804,2025-05-12,Miraflores,,Mouse inalambrico,1,67.04,67.04,Plin
V000104,2025-05-06,Cusco,hogar,Juego de sabanas,2,81.03,162.06,Yape
V001454,2025-06-13,Arequipa,ALIMENTOS,Cafe molido 500g,1,103.34,103.34,Transferencia
V000229,2025-04-05,Trujillo,HOGAR ,Juego de sabanas,5,265.88,1329.40,Yape
V001461,2025-04-12,Arequipa,Electronica,Teclado mecanico,5,315.10,1575.50,Yape
V001051,2025-05-10,Trujillo,ropa ,Casaca impermeable,2,20.24,40.48,Tarjeta
V001783,2025-06-05,Trujillo,ALIMENTOS,Miel de abeja,2,353.74,707.48,Plin
V001204,2025-04-30,Cusco,Electronica,Cargador USB-C,2,240.33,480.66,Transferencia
V001248,2025-06-17,Lima Centro,HOGAR ,Olla antiadherente,5,185.00,925.00,Yape
V000777,2025-06-06,Miraflores,hogar,Olla antiadherente,4,341.60,1366.40,Yape
V000117,2025-06-14,Cusco,Alimentos,Cafe molido 500g,1,182.04,182.04,Transferencia
V001653,2025-06-17,Miraflores,Ropa,Jean clasico,2,378.79,757.58,Transferencia
V001171,2025-05-26,Arequipa,Ropa,Jean clasico,1,239.10,239.10,Yape
V001692,2025-04-08,Trujillo,Alimentos,Miel de abeja,5,475.96,-231.44,Yape
V000776,2025-05-05,Lima Centro,Juguetes,Peluche mediano,4,233.08,-158.93,Tarjeta
V000629,2025-04-08,Cusco,HOGAR ,Juego de sabanas,5,196.65,983.25,Plin
V001611,2025-04-09,Trujillo, alimentos,Chocolate 70%,5,475.81,2379.05,Transferencia
V000680,2025-05-23,Miraflores,electronica,Mouse inalambrico,4,39.05,156.20,Plin
V001571,2025-05-24,Lima Centro,ROPA,Casaca impermeable,5,433.33,2166.65,
V000098,2025-06-22,Lima Centro, alimentos,Chocolate 70%,1,221.35,221.35,Transferencia
V001133,2025-05-12,Trujillo,,Juego de sabanas,1,471.51,471.51,
V001386,2025-05-26,Trujillo,Hogar,Olla antiadherente,1,428.33,428.33,Tarjeta
V000144,2025-04-26,Miraflores,Juguetes,Peluche mediano,2,428.71,857.42,Transferencia
V001274,2025-06-06,Arequipa,hogar,Olla antiadherente,1,476.27,476.27,Transferencia
V000382,2025-05-16,Cusco, alimentos,Cafe molido 500g,2,39.89,79.78,Yape
V000049,2025-04-28,Trujillo,ELECTRONICA,Audifonos BT,1,456.22,-54.19,Efectivo
V001754,2025-05-08,Miraflores,hogar,Organizador,4,121.00,484.00,Efectivo
V001818,2025-06-19,Cusco,Alimentos,Cafe molido 500g,1,103.64,103.64,Transferencia
V001107,2025-04-06,Trujillo,HOGAR ,Juego de sabanas,5,80.54,402.70,Yape
V000268,2025-04-29,Cusco,ALIMENTOS,Chocolate 70%,2,467.72,935.44,Efectivo
V001425,2025-06-18,Arequipa,juguetes,Peluche mediano,4,182.28,729.12,Transferencia
V001041,2025-05-13,Trujillo,Alimentos,Miel de abeja,2,397.94,795.88,Efectivo
V000065,2025-05-04,Cusco, alimentos,Miel de abeja,5,145.47,727.35,Efectivo
V001435,2025-04-06,Miraflores,Hogar,Juego de sabanas,1,391.46,391.46,Efectivo
V001257,2025-05-20,Trujillo,juguetes,Set de bloques,2,424.21,848.42,Plin
V001374,2025-04-21,Miraflores,Electronica,Cargador USB-C,2,114.60,229.20,Plin
V000278,2025-04-21,Lima Centro,Ropa,Zapatillas urbanas,1,385.22,-85.73,Tarjeta
V001086,2025-05-02,Miraflores,ropa ,Polo algodon,0,421.44,0.00,Yape
V001168,2025-05-28,Lima Centro,ALIMENTOS,Miel de abeja,4,233.09,932.36,Transferencia
V000422,2025-06-04,Arequipa,Electronica,Cargador USB-C,3,326.36,979.08,Tarjeta
V000512,2025-06-08,Miraflores,HOGAR ,Juego de sabanas,3,379.83,1139.49,Plin
V001283,2025-05-02,Miraflores,ALIMENTOS,Aceite de oliva,1,337.16,337.16,Yape
V001551,2025-06-30,Arequipa,ROPA,Zapatillas urbanas,2,91.56,183.12,Efectivo
V001623,2025-04-30,Cusco,Ropa,Polo algodon,2,95.94,191.88,Efectivo
V000040,2025-04-16,Trujillo, Electronica ,Audifonos BT,4,111.29,445.16,Tarjeta
V000291,2025-05-12,Arequipa,Hogar,Lampara LED,2,405.82,811.64,Plin
V000655,2025-04-30,Trujillo,Ropa,Zapatillas urbanas,5,322.93,1614.65,Transferencia
V000525,2025-04-17,Lima Centro,ropa ,Zapatillas urbanas,1,190.82,190.82,Yape
V000155,2025-05-04,Arequipa,electronica,Mouse inalambrico,5,290.03,1450.15,Efectivo
V000646,2025-05-01,Cusco,hogar,Lampara LED,1,30.53,30.53,Efectivo
V000212,2025-05-06,Trujillo,hogar,Olla antiadherente,4,465.24,1860.96,Tarjeta
V001547,2025-06-20,Cusco, alimentos,Cafe molido 500g,2,67.71,135.42,Yape
V001114,2025-05-02,Arequipa,hogar,Juego de sabanas,2,442.56,885.12,Yape
V000838,2025-05-02,Cusco,HOGAR ,Lampara LED,3,47.41,142.23,Efectivo
V001228,2025-04-13,Lima Centro, alimentos,Miel de abeja,3,121.93,-99.85,Tarjeta
V001224,2025-05-25,Arequipa,Electronica,Teclado mecanico,1,15.66,15.66,Plin
V001945,2025-06-17,Lima Centro,electronica,Teclado mecanico,2,353.39,706.78,Plin
V001626,2025-04-20,Trujillo,ropa ,Jean clasico,1,347.43,347.43,Tarjeta
V000197,2025-06-29,Trujillo,ALIMENTOS,Miel de abeja,1,11.12,-163.53,
V000196,2025-06-19,Cusco,Electronica,Monitor 24,1,405.68,405.68,Plin
V001334,2025-05-01,Cusco,Ropa,Zapatillas urbanas,3,53.35,160.05,Yape
V001752,2025-06-19,Lima Centro,ROPA,Zapatillas urbanas,1,110.44,110.44,Tarjeta
V000283,2025-04-20,Lima Centro,ROPA,Jean clasico,4,182.36,729.44,Yape
V000669,2025-05-16,Trujillo,Alimentos,Miel de abeja,4,262.00,1048.00,Plin
V001850,2025-04-23,Miraflores,juguetes,Set de bloques,2,23.28,46.56,Efectivo
V001061,2025-05-07,Arequipa,ropa ,Zapatillas urbanas,1,126.82,126.82,Transferencia
V000687,2025-04-01,Arequipa, alimentos,Aceite de oliva,2,234.91,469.82,Plin
V001961,2025-04-02,Miraflores, alimentos,Miel de abeja,1,419.95,419.95,Efectivo
V001119,2025-06-08,Arequipa, Electronica ,Teclado mecanico,1,50.74,50.74,Tarjeta
V001817,2025-04-13,Cusco,,Audifonos BT,4,32.05,128.20,Tarjeta
V000112,2025-04-14,Miraflores,HOGAR ,Juego de sabanas,4,17.84,71.36,Yape
V000400,2025-05-15,Trujillo,ropa ,Casaca impermeable,5,305.85,1529.25,Transferencia
V000379,2025-05-15,Arequipa,juguetes,Rompecabezas 1000,1,355.83,355.83,Transferencia
V001569,2025-04-07,Miraflores,juguetes,Set de bloques,1,291.68,291.68,Plin
V000069,2025-06-02,Lima Centro,Juguetes,Rompecabezas 1000,1,230.08,230.08,Plin
V000828,2025-04-10,Arequipa, alimentos,Chocolate 70%,4,398.46,1593.84,Yape
V000026,2025-04-20,Arequipa,electronica,Cargador USB-C,2,447.79,895.58,Efectivo
V000402,2025-06-16,Miraflores,,Organizador,1,332.63,332.63,Plin
V000368,2025-04-16,Lima Centro,Juguetes,Peluche mediano,4,398.11,1592.44,Transferencia
V001864,2025-04-27,Cusco,HOGAR ,Lampara LED,1,114.69,114.69,Yape
V000763,2025-06-13,Trujillo,HOGAR ,Juego de sabanas,1,63.05,63.05,Transferencia
V001453,2025-06-21,Cusco,juguetes,Peluche mediano,5,172.88,864.40,Yape
V000501,2025-04-04,Cusco,ELECTRONICA,Audifonos BT,4,54.11,216.44,Yape
V001149,2025-05-31,Trujillo, Electronica ,Audifonos BT,4,396.40,1585.60,Transferencia
V000877,2025-05-19,Arequipa,electronica,Audifonos BT,2,424.93,849.86,Yape
V000293,2025-05-02,Lima Centro,Electronica,Mouse inalambrico,4,72.03,288.12,Tarjeta
V000005,2025-06-29,Lima Centro,ELECTRONICA,Teclado mecanico,1,187.42,187.42,Tarjeta
V001967,2025-06-15,Miraflores,ropa ,Zapatillas urbanas,3,440.93,1322.79,Yape
V000109,2025-05-03,Arequipa,Hogar,Organizador,2,29.44,58.88,Tarjeta
V001522,2025-05-03,Arequipa,ropa ,Jean clasico,2,455.45,910.90,Tarjeta
V000678,2025-06-16,Cusco,hogar,Olla antiadherente,1,231.53,231.53,Tarjeta
V001293,2025-05-09,Miraflores,HOGAR ,Lampara LED,2,347.20,694.40,Transferencia
V000617,2025-06-25,Lima Centro,ROPA,Polo algodon,2,239.68,479.36,Transferencia
V001409,2025-04-19,Lima Centro,ALIMENTOS,Cafe molido 500g,5,233.77,1168.85,Plin
V001769,2025-05-20,Arequipa,Hogar,Juego de sabanas,1,76.06,76.06,Transferencia
V001780,2025-04-17,Trujillo, alimentos,Aceite de oliva,4,299.24,1196.96,Yape
V000831,2025-06-04,Lima Centro,hogar,Lampara LED,4,244.10,976.40,Efectivo
V001910,2025-04-01,Cusco,Juguetes,Rompecabezas 1000,4,339.55,1358.20,Plin
V000200,2025-04-13,Cusco,juguetes,Set de bloques,1,308.55,308.55,Yape
V000935,2025-04-03,Trujillo,Electronica,Mouse inalambrico,2,285.65,571.30,Transferencia
V001930,2025-04-17,Lima Centro,juguetes,Set de bloques,1,71.67,71.67,Plin
V001191,2025-05-02,Trujillo,Juguetes,Set de bloques,3,337.61,1012.83,Transferencia
V000031,2025-05-29,Arequipa,Hogar,Organizador,2,133.93,267.86,Tarjeta
V000213,2025-04-27,Trujillo,,Juego de sabanas,2,287.53,575.06,Plin
V001953,2025-05-19,Arequipa,Alimentos,Chocolate 70%,1,319.55,-123.61,Yape
V000845,2025-06-16,Miraflores,juguetes,Peluche mediano,1,463.76,463.76,Transferencia
V001922,2025-04-28,Arequipa,juguetes,Rompecabezas 1000,5,34.82,174.10,Yape
V001759,2025-05-29,Lima Centro,Ropa,Zapatillas urbanas,4,106.43,425.72,Yape
V001906,2025-06-21,Arequipa,ropa ,Zapatillas urbanas,4,19.36,77.44,Efectivo
V001164,2025-04-12,Arequipa,Juguetes,Peluche mediano,1,327.16,327.16,Efectivo
V000513,2025-06-29,Miraflores,juguetes,Rompecabezas 1000,1,25.41,25.41,Transferencia
V001619,2025-04-21,Lima Centro,juguetes,Set de bloques,2,134.05,268.10,Plin
V001716,2025-06-08,Arequipa,,Aceite de oliva,5,26.45,132.25,Transferencia
V001646,2025-05-29,Arequipa, Electronica ,Cargador USB-C,1,174.13,174.13,Yape
V000173,2025-06-13,Lima Centro,ROPA,Zapatillas urbanas,0,449.71,0.00,Yape
V000423,2025-05-12,Cusco,ROPA,Zapatillas urbanas,3,433.97,1301.91,Plin
V001846,2025-05-15,Arequipa,HOGAR ,Olla antiadherente,3,202.23,606.69,Plin
V000176,2025-04-26,Cusco,Ropa,Polo algodon,5,257.30,1286.50,Transferencia
V000499,2025-05-03,Cusco,electronica,Audifonos BT,3,459.32,1377.96,Yape
V000984,2025-05-25,Lima Centro,ALIMENTOS,Miel de abeja,3,460.87,1382.61,Efectivo
V001165,2025-05-28,Trujillo,HOGAR ,Olla antiadherente,1,460.16,460.16,Transferencia
V001567,2025-05-13,Arequipa,HOGAR ,Juego de sabanas,3,461.55,1384.65,Transferencia
V000123,2025-05-19,Miraflores,Electronica,Mouse inalambrico,1,247.63,247.63,Transferencia
V001455,2025-04-22,Cusco,,Monitor 24,1,171.73,171.73,Tarjeta
V001029,2025-04-11,Arequipa,ropa ,Zapatillas urbanas,1,44.13,44.13,Efectivo
V001299,2025-05-13,Lima Centro,ropa ,Zapatillas urbanas,1,222.74,222.74,Plin
V001083,2025-04-16,Miraflores,Alimentos,Aceite de oliva,2,371.90,743.80,Transferencia
V000107,2025-06-19,Lima Centro,Ropa,Jean clasico,2,348.59,697.18,Tarjeta
V001947,2025-05-16,Lima Centro, alimentos,Chocolate 70%,1,374.93,374.93,Transferencia
V001053,2025-06-22,Miraflores,juguetes,Set de bloques,1,283.76,283.76,Tarjeta
V000195,2025-04-10,Lima Centro, alimentos,Aceite de oliva,3,87.89,263.67,Efectivo
V000871,2025-05-26,Arequipa,ropa ,Polo algodon,2,346.08,692.16,Plin
V001835,2025-06-03,Arequipa,Electronica,Mouse inalambrico,5,124.48,622.40,Efectivo
V001015,2025-05-29,Trujillo,Ropa,Casaca impermeable,1,321.13,321.13,Tarjeta
V000903,2025-05-09,Miraflores,ALIMENTOS,Miel de abeja,5,21.06,105.30,Tarjeta
V000500,2025-04-02,Lima Centro,ALIMENTOS,Miel de abeja,2,354.60,709.20,Tarjeta
V000585,2025-05-17,Trujillo,ROPA,Zapatillas urbanas,2,450.34,900.68,Efectivo
V001858,2025-05-09,Arequipa,ELECTRONICA,Teclado mecanico,4,347.14,1388.56,Tarjeta
V000029,2025-04-27,Miraflores,ROPA,Polo algodon,3,282.94,848.82,Efectivo
V000593,2025-04-03,Cusco,Juguetes,Set de bloques,5,330.25,1651.25,Yape
V000017,2025-06-22,Lima Centro,ALIMENTOS,Aceite de oliva,1,53.75,53.75,Efectivo
V001556,2025-05-18,Lima Centro,ROPA,Jean clasico,5,121.45,607.25,Transferencia
V001176,2025-04-08,Miraflores,juguetes,Rompecabezas 1000,1,283.06,283.06,Efectivo
V001889,2025-05-06,Arequipa,ELECTRONICA,Audifonos BT,2,141.63,283.26,Efectivo
V000649,2025-06-14,Trujillo, alimentos,Aceite de oliva,5,44.85,224.25,Plin
V001721,2025-06-28,Lima Centro,Juguetes,Set de bloques,1,316.51,316.51,Tarjeta
V001059,2025-04-15,Trujillo,ROPA,Casaca impermeable,5,227.14,1135.70,Efectivo
V001078,2025-04-01,Cusco,juguetes,Set de bloques,5,257.08,1285.40,Plin
V001218,2025-05-03,Miraflores,HOGAR ,Lampara LED,1,392.32,392.32,Plin
V000534,2025-06-29,Miraflores,juguetes,Peluche mediano,2,73.33,146.66,Transferencia
V001867,2025-05-10,Cusco,ALIMENTOS,Chocolate 70%,1,457.05,457.05,Efectivo
V000191,2025-05-21,Miraflores, Electronica ,Teclado mecanico,2,462.10,924.20,Transferencia
V001482,2025-05-27,Lima Centro,Hogar,Organizador,4,377.73,1510.92,Tarjeta
V000305,2025-05-29,Miraflores,Juguetes,Set de bloques,4,33.52,134.08,Transferencia
V000406,2025-04-02,Trujillo, Electronica ,Cargador USB-C,1,95.76,95.76,Tarjeta
V000599,2025-05-07,Miraflores,Juguetes,Peluche mediano,4,382.13,1528.52,Transferencia
V000988,2025-05-24,Miraflores,Alimentos,Aceite de oliva,3,445.58,1336.74,
V000766,2025-06-23,Miraflores,ROPA,Polo algodon,1,414.87,-139.70,Tarjeta
V000172,2025-04-13,Miraflores,hogar,Lampara LED,2,90.83,181.66,Efectivo
V000775,2025-06-26,Cusco,Juguetes,Set de bloques,2,268.33,536.66,Plin
V001268,2025-05-30,Cusco,ROPA,Polo algodon,2,225.48,450.96,Plin
V000740,2025-04-25,Arequipa,Ropa,Casaca impermeable,5,93.90,469.50,Efectivo
V000518,2025-04-27,Miraflores,electronica,Audifonos BT,1,445.14,445.14,Plin
V001405,2025-06-15,Cusco, alimentos,Miel de abeja,1,439.96,439.96,Plin
V001381,2025-04-06,Miraflores, alimentos,Aceite de oliva,3,148.86,446.58,Transferencia
V000494,2025-05-03,Lima Centro,electronica,Mouse inalambrico,5,46.94,234.70,Transferencia
V000961,2025-06-09,Cusco,,Teclado mecanico,2,74.55,149.10,Efectivo
V000616,2025-05-22,Arequipa,Alimentos,Chocolate 70%,1,121.32,121.32,Tarjeta
V000002,2025-04-01,Miraflores,juguetes,Peluche mediano,1,272.91,272.91,Transferencia
V000469,2025-05-18,Lima Centro,electronica,Mouse inalambrico,4,48.97,195.88,Yape
V001290,2025-04-05,Trujillo,Juguetes,Set de bloques,1,38.65,38.65,Tarjeta
V001093,2025-05-07,Cusco,Alimentos,Aceite de oliva,1,111.51,111.51,Efectivo
V001579,2025-06-12,Arequipa,Hogar,Juego de sabanas,2,478.17,956.34,Tarjeta
V000289,2025-06-19,Cusco,hogar,Lampara LED,4,132.67,530.68,Yape
V001865,2025-06-08,Lima Centro,Ropa,Casaca impermeable,2,421.07,842.14,
V001582,2025-04-13,Lima Centro,Juguetes,Rompecabezas 1000,1,320.22,320.22,Yape
V001538,2025-05-01,Cusco,ALIMENTOS,Cafe molido 500g,1,266.53,266.53,Yape
V000524,2025-05-26,Miraflores,Ropa,Polo algodon,2,356.22,712.44,Transferencia
V000591,2025-04-28,Miraflores, alimentos,Cafe molido 500g,2,291.12,582.24,Tarjeta
V000556,2025-04-19,Lima Centro,juguetes,Set de bloques,3,398.26,1194.78,Transferencia
V001376,2025-04-06,Cusco,ROPA,Zapatillas urbanas,1,399.56,399.56,Plin
V001323,2025-06-13,Miraflores,ropa ,Polo algodon,4,128.36,-43.24,Yape
V000704,2025-06-13,Trujillo,hogar,Lampara LED,1,275.90,275.90,Transferencia
V001908,2025-06-26,Lima Centro, Electronica ,Monitor 24,4,105.20,420.80,Transferencia
V000367,2025-04-03,Miraflores,Juguetes,Peluche mediano,2,87.16,174.32,Plin
V001727,2025-06-24,Miraflores,HOGAR ,Lampara LED,2,55.97,111.94,Tarjeta
V000663,2025-06-21,Cusco,juguetes,Peluche mediano,1,124.26,124.26,Plin
V001122,2025-04-25,Trujillo, Electronica ,Mouse inalambrico,2,463.29,926.58,Transferencia
V000444,2025-05-09,Trujillo,Hogar,Juego de sabanas,1,94.91,94.91,Plin
V000054,2025-06-25,Trujillo,juguetes,Set de bloques,3,410.01,1230.03,Plin
V001842,2025-05-22,Trujillo,ELECTRONICA,Monitor 24,4,330.47,1321.88,Tarjeta
V001875,2025-06-09,Trujillo,Ropa,Jean clasico,3,338.59,1015.77,Efectivo
V000190,2025-05-13,Arequipa,HOGAR ,Organizador,1,420.35,420.35,Tarjeta
V000539,2025-05-09,Cusco,HOGAR ,Organizador,3,317.52,952.56,Transferencia
V001359,2025-05-19,Miraflores, Electronica ,Mouse inalambrico,2,462.14,924.28,Tarjeta
V000899,2025-04-05,Trujillo,juguetes,Rompecabezas 1000,1,344.63,344.63,Efectivo
V000996,2025-05-17,Trujillo,ALIMENTOS,Miel de abeja,5,336.09,1680.45,Tarjeta
V000375,2025-04-09,Arequipa,Juguetes,Peluche mediano,1,83.87,-36.42,Transferencia
V000324,2025-05-28,Lima Centro,Hogar,Lampara LED,1,247.27,247.27,Plin
V001728,2025-06-08,Cusco, Electronica ,Audifonos BT,5,119.78,598.90,Plin
V000730,2025-04-22,Trujillo,hogar,Lampara LED,5,464.77,2323.85,Yape
V000686,2025-06-28,Miraflores,Hogar,Lampara LED,2,205.62,411.24,Efectivo
V001703,2025-04-10,Miraflores,juguetes,Set de bloques,1,195.69,195.69,
V001831,2025-04-14,Trujillo,Juguetes,Peluche mediano,2,280.76,561.52,Efectivo
V001847,2025-05-22,Miraflores,ropa ,Zapatillas urbanas,1,284.92,284.92,Tarjeta
V001163,2025-06-02,Arequipa,juguetes,Rompecabezas 1000,4,279.43,1117.72,Tarjeta
V001787,2025-05-06,Trujillo,Alimentos,Chocolate 70%,5,453.83,2269.15,Transferencia
V001403,2025-04-06,Lima Centro,Hogar,Lampara LED,1,350.67,350.67,Plin
V000778,2025-04-22,Cusco,Hogar,Juego de sabanas,2,199.87,399.74,Tarjeta
V001924,2025-04-02,Miraflores,Hogar,Olla antiadherente,3,109.46,328.38,Plin
V001003,2025-04-06,Arequipa,ELECTRONICA,Monitor 24,4,403.40,1613.60,Efectivo
V000505,2025-05-04,Lima Centro,ROPA,Zapatillas urbanas,1,312.67,312.67,Efectivo
V000786,2025-06-24,Trujillo,ropa ,Zapatillas urbanas,4,184.67,738.68,Efectivo
V001126,2025-06-30,Miraflores, alimentos,Miel de abeja,4,38.52,-140.06,Yape
V000226,2025-06-11,Cusco,Ropa,Casaca impermeable,3,405.42,1216.26,Tarjeta
V000809,2025-05-29,Trujillo,ELECTRONICA,Mouse inalambrico,1,425.84,425.84,Efectivo
V001744,2025-05-21,Cusco,hogar,Lampara LED,1,380.84,380.84,Tarjeta
V001819,2025-06-28,Trujillo, Electronica ,Audifonos BT,1,389.18,-96.37,Tarjeta
V000630,2025-05-15,Trujillo, Electronica ,Monitor 24,3,269.14,807.42,Transferencia
V000890,2025-05-31,Cusco, alimentos,Chocolate 70%,1,91.79,91.79,Efectivo
V001747,2025-05-18,Lima Centro, Electronica ,Monitor 24,5,280.39,1401.95,Transferencia
V000810,2025-06-22,Lima Centro, Electronica ,Cargador USB-C,1,351.03,351.03,Efectivo
V001802,2025-04-17,Cusco,ALIMENTOS,Cafe molido 500g,1,36.71,36.71,Efectivo
V000938,2025-05-04,Miraflores, Electronica ,Cargador USB-C,4,457.57,1830.28,Transferencia
V000129,2025-04-01,Lima Centro,Ropa,Casaca impermeable,1,143.41,143.41,Plin
V000718,2025-05-14,Miraflores,,Monitor 24,2,446.40,892.80,Efectivo
V001949,2025-06-19,Trujillo,Hogar,Juego de sabanas,3,171.46,514.38,Plin
V000433,2025-04-22,Arequipa,juguetes,Rompecabezas 1000,1,325.06,325.06,Efectivo
V000337,2025-05-03,Miraflores,ropa ,Jean clasico,1,445.30,445.30,Transferencia
V001676,2025-05-03,Cusco,electronica,Teclado mecanico,1,157.46,157.46,Transferencia
V000602,2025-04-27,Miraflores,ROPA,Polo algodon,1,347.17,347.17,Plin
V000562,2025-06-04,Cusco,juguetes,Rompecabezas 1000,1,324.52,324.52,Yape
V000247,2025-05-21,Cusco,ELECTRONICA,Cargador USB-C,1,138.96,138.96,Tarjeta
V000827,2025-06-28,Trujillo,ropa ,Casaca impermeable,4,300.19,1200.76,Transferencia
V000566,2025-05-27,Miraflores,juguetes,Peluche mediano,1,46.82,46.82,Yape
V001367,2025-04-12,Lima Centro,HOGAR ,Olla antiadherente,2,285.12,570.24,Tarjeta
V001971,2025-04-02,Arequipa,Alimentos,Cafe molido 500g,2,465.61,931.22,Plin
V000671,2025-06-03,Arequipa,ropa ,Polo algodon,2,329.22,658.44,Tarjeta
V001310,2025-06-03,Cusco,ropa ,Casaca impermeable,2,301.15,602.30,Tarjeta
V001271,2025-05-18,Miraflores,hogar,Organizador,2,75.17,150.34,Plin
V000972,2025-05-23,Miraflores, alimentos,Miel de abeja,4,196.18,784.72,Efectivo
V001767,2025-04-09,Lima Centro,ROPA,Casaca impermeable,1,296.49,296.49,Yape
V000034,2025-06-25,Miraflores,,Peluche mediano,1,189.81,189.81,Transferencia
V000734,2025-05-26,Arequipa,ALIMENTOS,Chocolate 70%,1,200.95,200.95,Tarjeta
V001000,2025-04-20,Miraflores,Alimentos,Miel de abeja,1,231.47,231.47,Efectivo
V000863,2025-04-25,Cusco,Juguetes,Rompecabezas 1000,1,468.63,468.63,Yape
V000453,2025-06-05,Cusco,Hogar,Olla antiadherente,1,51.04,51.04,Plin
V001135,2025-04-05,Cusco,Ropa,Jean clasico,1,428.76,428.76,Plin
V000868,2025-04-04,Lima Centro, Electronica ,Monitor 24,1,427.82,427.82,Transferencia
V001432,2025-06-14,Cusco,juguetes,Set de bloques,4,84.84,339.36,Yape
V000428,2025-05-26,Trujillo,Electronica,Cargador USB-C,2,25.64,51.28,Yape
V000149,2025-04-04,Lima Centro,juguetes,Peluche mediano,1,88.81,88.81,Transferencia
V001628,2025-04-24,Trujillo,Ropa,Zapatillas urbanas,4,49.11,-125.16,Plin
V001115,2025-05-22,Arequipa,Alimentos,Cafe molido 500g,3,224.27,672.81,Transferencia
V001980,2025-06-11,Miraflores,ROPA,Zapatillas urbanas,2,379.06,758.12,Efectivo
V001884,2025-05-02,Arequipa,ropa ,Casaca impermeable,1,233.25,-217.98,Efectivo
V001684,2025-06-16,Arequipa,ELECTRONICA,Cargador USB-C,3,97.43,292.29,Tarjeta
V001688,2025-06-25,Miraflores, alimentos,Aceite de oliva,4,123.34,493.36,Transferencia
V000263,2025-04-12,Arequipa,ELECTRONICA,Cargador USB-C,2,441.03,882.06,Plin
V001402,2025-06-09,Arequipa,Ropa,Zapatillas urbanas,5,265.77,1328.85,Efectivo
V000066,2025-06-16,Cusco,Ropa,Zapatillas urbanas,1,265.03,265.03,Tarjeta
V000357,2025-06-15,Arequipa,ELECTRONICA,Cargador USB-C,2,264.52,529.04,Tarjeta
V001916,2025-04-01,Miraflores,Juguetes,Rompecabezas 1000,1,187.18,187.18,Transferencia
V000493,2025-05-08,Cusco,ROPA,Polo algodon,2,351.13,702.26,Transferencia
V000808,2025-04-24,Arequipa,Ropa,Zapatillas urbanas,1,242.09,242.09,Plin
V000642,2025-04-02,Arequipa,juguetes,Rompecabezas 1000,2,205.91,411.82,Yape
V000286,2025-06-27,Trujillo,Ropa,Polo algodon,5,89.60,448.00,Plin
V000004,2025-04-30,Arequipa,electronica,Monitor 24,1,467.31,467.31,Efectivo
V000160,2025-05-04,Cusco,HOGAR ,Organizador,1,181.86,181.86,Efectivo
V000892,2025-04-02,Arequipa,electronica,Mouse inalambrico,3,221.63,664.89,Yape
V001749,2025-05-02,Trujillo,juguetes,Rompecabezas 1000,1,12.93,12.93,Yape
V000851,2025-04-13,Trujillo,Electronica,Audifonos BT,0,50.31,0.00,Transferencia
V001866,2025-05-13,Cusco,hogar,Olla antiadherente,1,67.63,67.63,Transferencia
V001229,2025-04-07,Arequipa,ropa ,Polo algodon,5,40.62,203.10,Transferencia
V000253,2025-05-22,Lima Centro,Hogar,Lampara LED,1,277.76,277.76,Transferencia
V001799,2025-05-16,Miraflores,electronica,Cargador USB-C,3,244.38,733.14,Plin
V001627,2025-04-29,Miraflores,ropa ,Casaca impermeable,1,8.67,8.67,Tarjeta
V000773,2025-04-29,Arequipa,juguetes,Rompecabezas 1000,4,39.13,156.52,Tarjeta
V000852,2025-05-31,Lima Centro,juguetes,Peluche mediano,1,323.16,323.16,Efectivo
V000387,2025-04-16,Cusco,ROPA,Polo algodon,4,233.77,935.08,Tarjeta
V001614,2025-05-05,Miraflores,electronica,Teclado mecanico,1,221.91,221.91,Transferencia
V000239,2025-04-02,Lima Centro,Ropa,Zapatillas urbanas,0,340.15,0.00,Transferencia
V000384,2025-05-04,Miraflores,juguetes,Set de bloques,1,455.04,455.04,Tarjeta
V001342,2025-04-05,Cusco,Ropa,Jean clasico,2,402.00,804.00,Efectivo
V001199,2025-04-08,Miraflores,HOGAR ,Organizador,1,162.16,-92.04,Efectivo
V001178,2025-04-08,Trujillo,ROPA,Zapatillas urbanas,2,342.29,684.58,Transferencia
V000061,2025-04-09,Trujillo,Electronica,Cargador USB-C,2,229.56,459.12,Plin
V000713,2025-06-26,Trujillo,Electronica,Cargador USB-C,3,201.57,604.71,Efectivo
V001324,2025-04-28,Arequipa,Juguetes,Rompecabezas 1000,2,70.52,141.04,Plin
V001675,2025-05-14,Cusco,ROPA,Jean clasico,1,190.34,190.34,Plin
V000059,2025-05-08,Miraflores,ropa ,Casaca impermeable,5,138.51,692.55,Efectivo
V001898,2025-05-21,Trujillo, alimentos,Miel de abeja,1,146.58,146.58,Tarjeta
V000495,2025-05-01,Trujillo,electronica,Cargador USB-C,1,437.58,437.58,Yape
V000592,2025-04-15,Arequipa,Electronica,Teclado mecanico,2,465.80,931.60,Yape
V001603,2025-04-25,Miraflores,juguetes,Set de bloques,2,149.84,299.68,Yape
V001444,2025-05-29,Miraflores,ALIMENTOS,Aceite de oliva,1,193.26,193.26,Plin
V000257,2025-06-12,Lima Centro,ropa ,Zapatillas urbanas,3,224.39,673.17,Plin
V001212,2025-04-27,Lima Centro,Hogar,Juego de sabanas,2,205.05,410.10,Yape
V000264,2025-04-23,Arequipa, Electronica ,Audifonos BT,5,31.90,159.50,Plin
V000053,2025-05-30,Trujillo,hogar,Organizador,1,213.55,213.55,Transferencia
V000590,2025-06-07,Arequipa, alimentos,Aceite de oliva,2,60.83,121.66,Transferencia
V000922,2025-05-03,Trujillo,,Jean clasico,1,63.66,63.66,Yape
V001449,2025-06-17,Cusco,HOGAR ,Lampara LED,2,280.63,561.26,Tarjeta
V000417,2025-05-12,Lima Centro,Hogar,Juego de sabanas,4,97.62,390.48,Yape
V001152,2025-04-25,Arequipa,hogar,Organizador,2,433.54,867.08,Tarjeta
V001993,2025-05-11,Lima Centro,Alimentos,Chocolate 70%,1,129.63,129.63,Transferencia
V001723,2025-05-26,Trujillo,Alimentos,Miel de abeja,3,85.80,257.40,Yape
V000120,2025-05-13,Lima Centro,hogar,Juego de sabanas,3,39.11,117.33,Transferencia
V000413,2025-04-03,Trujillo,juguetes,Rompecabezas 1000,1,238.26,238.26,Plin
V001399,2025-05-29,Miraflores,juguetes,Peluche mediano,1,371.02,371.02,Tarjeta
V001471,2025-06-05,Lima Centro,Alimentos,Cafe molido 500g,1,402.96,402.96,Efectivo
V001344,2025-05-27,Arequipa,Juguetes,Peluche mediano,3,426.38,1279.14,Plin
V001673,2025-05-23,Arequipa,Electronica,Monitor 24,1,459.99,459.99,Efectivo
V001731,2025-05-16,Miraflores,electronica,Mouse inalambrico,2,290.86,581.72,Yape
V000588,2025-04-23,Lima Centro,,Miel de abeja,4,313.35,1253.40,Yape
V000148,2025-06-04,Miraflores,Hogar,Lampara LED,1,126.29,126.29,Transferencia
V001652,2025-05-04,Arequipa,HOGAR ,Lampara LED,3,296.73,890.19,Yape
V001373,2025-06-13,Arequipa,Alimentos,Chocolate 70%,3,71.21,213.63,Transferencia
V000829,2025-04-26,Lima Centro,Juguetes,Set de bloques,1,121.06,121.06,Yape
V000193,2025-06-14,Trujillo,,Jean clasico,3,203.38,610.14,Transferencia
V001830,2025-04-28,Lima Centro,electronica,Teclado mecanico,2,179.80,359.60,Tarjeta
V000158,2025-06-05,Miraflores,juguetes,Set de bloques,1,29.38,29.38,Tarjeta
V001739,2025-04-30,Arequipa,juguetes,Peluche mediano,1,333.44,333.44,
V000331,2025-06-28,Miraflores,ropa ,Casaca impermeable,1,190.86,190.86,Plin
V001876,2025-06-11,Trujillo,Alimentos,Cafe molido 500g,4,240.56,962.24,Tarjeta
V001848,2025-05-30,Arequipa,Alimentos,Aceite de oliva,1,36.15,36.15,Efectivo
V000007,2025-06-03,Trujillo,ropa ,Polo algodon,3,197.35,592.05,Yape
V001499,2025-04-15,Cusco,Alimentos,Aceite de oliva,5,292.12,-251.58,Tarjeta
V001458,2025-06-17,Lima Centro,ROPA,Casaca impermeable,1,417.10,417.10,Tarjeta
V000870,2025-04-28,Cusco,Hogar,Juego de sabanas,3,108.90,326.70,Plin
V000236,2025-04-07,Lima Centro, alimentos,Chocolate 70%,3,398.98,1196.94,Yape
V001792,2025-06-10,Trujillo,juguetes,Peluche mediano,5,357.29,1786.45,Efectivo
V000730,2025-04-22,Trujillo,hogar,Lampara LED,5,464.77,2323.85,Yape
V001500,2025-04-01,Arequipa,Ropa,Jean clasico,1,479.33,479.33,Plin
V001606,2025-05-01,Arequipa,Electronica,Cargador USB-C,1,259.95,259.95,Plin
V000169,2025-04-05,Trujillo,ELECTRONICA,Cargador USB-C,2,260.59,521.18,Tarjeta
V000581,2025-05-04,Lima Centro,Ropa,Jean clasico,3,465.57,1396.71,Transferencia
V001666,2025-06-11,Cusco,electronica,Mouse inalambrico,2,405.17,810.34,Tarjeta
V000731,2025-05-09,Cusco,Alimentos,Miel de abeja,4,366.87,1467.48,Plin
V001173,2025-05-14,Miraflores,ALIMENTOS,Miel de abeja,1,336.18,336.18,Plin
V001489,2025-04-30,Cusco,Electronica,Audifonos BT,4,430.05,1720.20,Yape
V000708,2025-06-15,Miraflores, Electronica ,Monitor 24,2,69.33,138.66,Transferencia
V000251,2025-04-02,Miraflores,ropa ,Jean clasico,1,128.41,128.41,
V000362,2025-04-10,Cusco, alimentos,Chocolate 70%,3,237.80,713.40,Plin
V001923,2025-05-08,Miraflores,juguetes,Set de bloques,1,310.99,310.99,Efectivo
V000122,2025-04-18,Miraflores,Ropa,Polo algodon,0,248.01,0.00,Plin
V001892,2025-04-22,Arequipa,Juguetes,Peluche mediano,5,17.33,86.65,Tarjeta
V000788,2025-06-10,Trujillo, alimentos,Chocolate 70%,1,83.67,83.67,Efectivo
V001417,2025-06-04,Trujillo,Juguetes,Rompecabezas 1000,5,241.59,1207.95,Transferencia
V001361,2025-06-07,Trujillo,juguetes,Peluche mediano,2,200.41,400.82,Tarjeta
V000425,2025-06-28,Arequipa,Juguetes,Rompecabezas 1000,1,476.89,476.89,Yape
V000956,2025-06-05,Lima Centro,Alimentos,Miel de abeja,4,144.55,578.20,Transferencia
V000050,2025-05-10,Cusco,Hogar,Lampara LED,1,293.98,293.98,Efectivo
V000797,2025-06-17,Lima Centro,Hogar,Lampara LED,3,120.46,361.38,Tarjeta
V000887,2025-04-29,Arequipa,HOGAR ,Olla antiadherente,1,259.17,259.17,Plin
V001620,2025-05-22,Arequipa,juguetes,Set de bloques,3,421.15,1263.45,Tarjeta
V000507,2025-04-09,Cusco,hogar,Olla antiadherente,3,434.98,1304.94,Plin
V001463,2025-04-09,Lima Centro,hogar,Organizador,1,16.08,16.08,Yape
V000521,2025-04-06,Lima Centro,hogar,Juego de sabanas,2,61.18,122.36,Tarjeta
V001284,2025-04-04,Arequipa,juguetes,Set de bloques,1,373.78,373.78,Tarjeta
V000711,2025-04-21,Arequipa,ropa ,Casaca impermeable,4,224.09,896.36,Efectivo
V001602,2025-04-08,Arequipa, alimentos,Cafe molido 500g,4,118.39,473.56,Plin
V001914,2025-06-28,Lima Centro,ropa ,Jean clasico,2,272.99,545.98,Efectivo
V000764,2025-06-08,Miraflores,hogar,Juego de sabanas,1,189.23,189.23,Efectivo
V000770,2025-06-23,Miraflores,juguetes,Peluche mediano,2,287.32,574.64,Yape
V000186,2025-04-23,Trujillo,ROPA,Jean clasico,1,473.25,473.25,Transferencia
V000615,2025-05-19,Lima Centro,Juguetes,Rompecabezas 1000,2,415.47,830.94,Transferencia
V001989,2025-04-17,Trujillo,Juguetes,Peluche mediano,2,71.85,143.70,Yape
V001364,2025-06-07,Cusco,hogar,Olla antiadherente,1,323.61,323.61,Transferencia
V001450,2025-06-07,Trujillo,ALIMENTOS,Cafe molido 500g,1,277.53,277.53,Transferencia
V000336,2025-06-11,Trujillo,ropa ,Polo algodon,3,392.22,1176.66,Tarjeta
V001720,2025-06-12,Lima Centro,hogar,Organizador,2,53.83,107.66,Yape
V000624,2025-06-17,Trujillo, Electronica ,Monitor 24,1,10.76,10.76,Plin
V001395,2025-05-12,Lima Centro,electronica,Audifonos BT,4,257.13,1028.52,Efectivo
V000755,2025-06-28,Lima Centro,Ropa,Jean clasico,1,360.61,360.61,Yape
V001377,2025-04-27,Arequipa,ELECTRONICA,Audifonos BT,1,209.32,209.32,Efectivo
V000679,2025-04-08,Trujillo,Alimentos,Cafe molido 500g,5,281.26,1406.30,Efectivo
V000182,2025-05-19,Miraflores,juguetes,Rompecabezas 1000,2,402.04,804.08,Transferencia
V001157,2025-04-21,Arequipa, alimentos,Aceite de oliva,5,261.21,1306.05,Plin
V000280,2025-04-07,Trujillo,electronica,Audifonos BT,3,105.02,315.06,Yape
V000078,2025-06-15,Arequipa,Hogar,Organizador,4,190.23,760.92,Efectivo
V001394,2025-05-13,Lima Centro,Electronica,Audifonos BT,1,401.51,401.51,Tarjeta
V001146,2025-06-02,Arequipa,ROPA,Jean clasico,4,333.81,1335.24,Tarjeta
V001439,2025-04-09,Cusco,HOGAR ,Organizador,1,360.54,360.54,Yape
V001942,2025-04-13,Lima Centro,hogar,Juego de sabanas,1,158.09,158.09,Yape
V000214,2025-04-10,Trujillo,hogar,Juego de sabanas,4,325.65,1302.60,Plin
V000479,2025-06-23,Lima Centro, alimentos,Miel de abeja,1,141.23,141.23,Efectivo
V000900,2025-06-12,Trujillo,hogar,Olla antiadherente,4,207.45,829.80,Transferencia
V001357,2025-06-21,Cusco, Electronica ,Monitor 24,2,121.46,242.92,Efectivo
V001832,2025-05-17,Cusco,juguetes,Rompecabezas 1000,1,157.34,157.34,Plin
V001371,2025-04-02,Miraflores,ropa ,Polo algodon,1,284.63,284.63,Transferencia
V001232,2025-06-17,Cusco,Juguetes,Set de bloques,2,344.93,689.86,Tarjeta
V000329,2025-05-28,Trujillo,ropa ,Zapatillas urbanas,2,346.32,692.64,Transferencia
V000928,2025-04-15,Trujillo,Juguetes,Set de bloques,1,268.78,268.78,Plin
V000750,2025-06-02,Lima Centro,HOGAR ,Olla antiadherente,2,322.32,644.64,Transferencia
V001857,2025-06-12,Trujillo,juguetes,Rompecabezas 1000,1,430.35,430.35,Yape
V001193,2025-04-29,Lima Centro,HOGAR ,Juego de sabanas,5,191.88,959.40,Efectivo
V000728,2025-04-17,Lima Centro,Hogar,Olla antiadherente,5,305.26,1526.30,Tarjeta
V001957,2025-05-22,Miraflores,ropa ,Casaca impermeable,4,186.69,746.76,Efectivo
V000427,2025-06-28,Cusco,electronica,Cargador USB-C,4,276.60,1106.40,Tarjeta
V001356,2025-04-06,Trujillo,ropa ,Jean clasico,3,320.14,960.42,Efectivo
V001037,2025-05-07,Cusco, alimentos,Miel de abeja,1,81.59,81.59,Efectivo
V001022,2025-04-17,Cusco, Electronica ,Monitor 24,1,171.45,171.45,Efectivo
V000448,2025-05-25,Trujillo,ROPA,Polo algodon,1,445.59,445.59,Plin
V000983,2025-04-27,Cusco, alimentos,Chocolate 70%,3,401.80,1205.40,Efectivo
V000654,2025-06-17,Miraflores,electronica,Audifonos BT,4,235.12,940.48,Plin
V001256,2025-05-19,Lima Centro,ALIMENTOS,Aceite de oliva,2,55.37,110.74,Plin
V000276,2025-04-07,Trujillo,electronica,Mouse inalambrico,5,13.38,66.90,Efectivo
V001494,2025-05-16,Lima Centro, alimentos,Aceite de oliva,1,238.10,238.10,Yape
V000885,2025-06-16,Arequipa, Electronica ,Monitor 24,2,182.54,365.08,Tarjeta
V001622,2025-06-27,Miraflores,,Audifonos BT,3,161.63,484.89,Tarjeta
V000045,2025-04-29,Trujillo,ALIMENTOS,Cafe molido 500g,3,148.95,446.85,Transferencia
V001943,2025-06-13,Miraflores,electronica,Monitor 24,5,242.05,1210.25,Plin
V000876,2025-05-18,Cusco, Electronica ,Teclado mecanico,1,397.62,397.62,Efectivo
V000867,2025-05-16,Arequipa,Alimentos,Miel de abeja,4,289.47,1157.88,Plin
V000475,2025-06-26,Lima Centro,ropa ,Jean clasico,2,88.84,177.68,Tarjeta
V000051,2025-06-16,Lima Centro,Alimentos,Miel de abeja,2,43.87,87.74,Yape
V000601,2025-04-12,Arequipa,ROPA,Polo algodon,5,101.58,507.90,Transferencia
V001177,2025-06-20,Cusco,Ropa,Polo algodon,1,51.28,-239.56,Efectivo
V000969,2025-06-24,Trujillo,juguetes,Set de bloques,5,147.44,737.20,Plin
V000844,2025-06-01,Trujillo,hogar,Olla antiadherente,1,51.63,51.63,Yape
V001743,2025-06-07,Arequipa,Ropa,Jean clasico,2,309.75,619.50,Yape
V000598,2025-06-23,Miraflores,Alimentos,Aceite de oliva,1,197.11,197.11,Tarjeta
V001936,2025-06-06,Cusco,Electronica,Mouse inalambrico,2,410.57,821.14,
V000874,2025-05-15,Trujillo,juguetes,Peluche mediano,0,167.25,0.00,Yape
V001998,2025-05-08,Lima Centro, Electronica ,Cargador USB-C,1,437.04,437.04,Transferencia
V000547,2025-05-25,Arequipa,Juguetes,Set de bloques,2,239.50,479.00,Yape
V001440,2025-06-19,Lima Centro,Ropa,Casaca impermeable,1,355.89,355.89,Efectivo
V001768,2025-06-01,Cusco,ELECTRONICA,Monitor 24,2,55.06,110.12,Efectivo
V001433,2025-06-25,Arequipa, alimentos,Miel de abeja,5,139.94,699.70,Yape
V000476,2025-04-26,Cusco, Electronica ,Monitor 24,1,48.65,48.65,Yape
V000292,2025-06-05,Miraflores,ALIMENTOS,Cafe molido 500g,2,216.49,432.98,Yape
V000110,2025-06-25,Arequipa,HOGAR ,Juego de sabanas,1,242.77,242.77,Transferencia
V001102,2025-06-06,Trujillo,Ropa,Casaca impermeable,1,263.27,263.27,Plin
V001649,2025-05-20,Arequipa,ELECTRONICA,Mouse inalambrico,3,23.59,70.77,Efectivo
V001476,2025-06-03,Lima Centro,electronica,Cargador USB-C,4,93.77,375.08,Plin
V001680,2025-05-20,Arequipa,Hogar,Olla antiadherente,3,355.02,1065.06,Tarjeta
V000897,2025-04-06,Miraflores,ALIMENTOS,Aceite de oliva,2,302.43,604.86,
V001855,2025-06-18,Cusco,juguetes,Rompecabezas 1000,2,460.13,920.26,Tarjeta
V001194,2025-04-26,Miraflores,hogar,Lampara LED,5,273.21,1366.05,Transferencia
V000077,2025-05-23,Lima Centro,Juguetes,Peluche mediano,4,222.92,891.68,Tarjeta
V000153,2025-04-25,Miraflores,ELECTRONICA,Audifonos BT,2,454.22,908.44,Transferencia
V001233,2025-04-05,Arequipa,electronica,Monitor 24,5,181.07,-162.30,Efectivo
V001094,2025-05-05,Miraflores, Electronica ,Teclado mecanico,2,126.32,252.64,Transferencia
V000806,2025-05-03,Cusco,HOGAR ,Olla antiadherente,2,91.42,182.84,Plin
V001829,2025-04-01,Trujillo,ROPA,Jean clasico,1,50.22,50.22,Tarjeta
V000665,2025-06-20,Miraflores,juguetes,Set de bloques,1,8.26,8.26,Plin
V000234,2025-06-02,Arequipa, alimentos,Miel de abeja,1,307.07,307.07,Yape
V000910,2025-06-29,Lima Centro,ropa ,Casaca impermeable,5,234.78,1173.90,Yape
V001098,2025-05-17,Trujillo,hogar,Lampara LED,5,372.39,1861.95,Yape
V000821,2025-06-10,Trujillo,Hogar,Organizador,1,442.67,442.67,Tarjeta
V000407,2025-04-19,Lima Centro,ROPA,Jean clasico,4,155.06,620.24,Efectivo
V000101,2025-05-11,Arequipa,ROPA,Zapatillas urbanas,5,427.18,2135.90,Efectivo
V000858,2025-04-17,Trujillo,Alimentos,Cafe molido 500g,1,21.13,21.13,Efectivo
V001328,2025-05-07,Miraflores,ALIMENTOS,Miel de abeja,1,36.98,36.98,Tarjeta
V000465,2025-05-14,Trujillo,HOGAR ,Juego de sabanas,1,331.71,331.71,Tarjeta
V001690,2025-06-22,Lima Centro,ELECTRONICA,Teclado mecanico,1,28.58,28.58,Tarjeta
V000210,2025-05-21,Arequipa,ELECTRONICA,Mouse inalambrico,2,453.67,907.34,Tarjeta
V001437,2025-05-07,Arequipa,ropa ,Polo algodon,3,168.45,505.35,Tarjeta
V001335,2025-04-06,Miraflores,Hogar,Organizador,2,211.35,422.70,Tarjeta
V000106,2025-05-29,Arequipa,Ropa,Casaca impermeable,4,40.84,163.36,Tarjeta
V000990,2025-05-25,Cusco,juguetes,Set de bloques,1,39.52,39.52,Tarjeta
V000632,2025-04-21,Cusco, alimentos,Aceite de oliva,2,349.25,698.50,Yape
V001952,2025-06-09,Cusco,Electronica,Teclado mecanico,4,193.81,775.24,Yape
V001466,2025-04-08,Miraflores,ELECTRONICA,Teclado mecanico,5,447.05,2235.25,Transferencia
V000157,2025-04-26,Cusco,juguetes,Peluche mediano,1,68.73,68.73,Yape
V000215,2025-06-08,Cusco,juguetes,Set de bloques,4,260.22,1040.88,Yape
V000429,2025-06-04,Miraflores,Electronica,Teclado mecanico,1,307.19,307.19,Transferencia
V001101,2025-04-21,Lima Centro,juguetes,Peluche mediano,1,273.68,273.68,Transferencia
V001043,2025-06-16,Trujillo,juguetes,Rompecabezas 1000,4,454.27,1817.08,Yape
V000753,2025-04-17,Cusco,ALIMENTOS,Cafe molido 500g,2,37.21,74.42,Yape
V000638,2025-05-31,Arequipa, Electronica ,Teclado mecanico,3,165.93,497.79,Efectivo
V000092,2025-06-29,Cusco,ELECTRONICA,Audifonos BT,2,478.08,956.16,Yape
V001599,2025-04-06,Miraflores,Juguetes,Rompecabezas 1000,4,330.20,1320.80,Plin
V001740,2025-06-05,Cusco,ROPA,Polo algodon,1,263.02,263.02,Yape
V001456,2025-04-26,Lima Centro,HOGAR ,Juego de sabanas,1,150.92,150.92,Efectivo
V000561,2025-06-17,Miraflores,juguetes,Peluche mediano,1,229.41,229.41,Efectivo
V001733,2025-04-11,Lima Centro,Juguetes,Rompecabezas 1000,1,165.35,165.35,Transferencia
V000456,2025-06-24,Trujillo,HOGAR ,Juego de sabanas,5,242.88,1214.40,Tarjeta
V001384,2025-06-26,Trujillo,juguetes,Peluche mediano,4,369.85,1479.40,Transferencia
V001236,2025-04-08,Cusco,Juguetes,Set de bloques,1,272.16,272.16,
V001266,2025-04-20,Miraflores,Electronica,Mouse inalambrico,1,369.72,-156.31,Tarjeta
V000980,2025-06-13,Lima Centro,juguetes,Rompecabezas 1000,4,16.12,64.48,Efectivo
V001634,2025-05-02,Trujillo,ELECTRONICA,Monitor 24,1,395.54,395.54,Efectivo
V000192,2025-05-31,Arequipa,juguetes,Set de bloques,2,187.67,375.34,Plin
V001608,2025-06-30,Arequipa,Electronica,Mouse inalambrico,2,114.16,228.32,Tarjeta
V000261,2025-06-11,Cusco,ELECTRONICA,Teclado mecanico,3,195.03,585.09,Plin
V000733,2025-05-18,Trujillo,ROPA,Casaca impermeable,2,9.97,19.94,Plin
V000068,2025-06-26,Arequipa, alimentos,Chocolate 70%,2,20.21,40.42,Efectivo
V001385,2025-04-03,Cusco,ELECTRONICA,Cargador USB-C,2,76.53,153.06,Transferencia
V001801,2025-04-03,Arequipa,ropa ,Jean clasico,1,267.11,267.11,Yape
V001958,2025-05-11,Miraflores,ROPA,Polo algodon,1,288.37,288.37,Tarjeta
V001581,2025-05-03,Miraflores, Electronica ,Audifonos BT,5,108.31,541.55,Efectivo
V000088,2025-05-03,Trujillo,hogar,Lampara LED,4,90.90,363.60,Yape
V001573,2025-06-10,Lima Centro,hogar,Juego de sabanas,5,141.35,706.75,Tarjeta
V001699,2025-04-13,Lima Centro,electronica,Audifonos BT,1,172.18,172.18,Plin
V000675,2025-04-29,Lima Centro,hogar,Organizador,4,137.34,549.36,Efectivo
V001647,2025-05-26,Trujillo,ALIMENTOS,Cafe molido 500g,1,8.56,8.56,Transferencia
V000206,2025-05-10,Trujillo, Electronica ,Audifonos BT,2,80.79,161.58,Efectivo
V000447,2025-06-25,Miraflores,Alimentos,Miel de abeja,5,72.91,-231.72,Plin
V001840,2025-05-13,Arequipa,Hogar,Juego de sabanas,2,245.54,491.08,Tarjeta
V000350,2025-06-22,Cusco,Electronica,Cargador USB-C,0,66.17,0.00,Yape
V000208,2025-05-02,Cusco,Electronica,Cargador USB-C,0,415.67,0.00,Transferencia
V000484,2025-05-26,Arequipa,HOGAR ,Organizador,5,100.35,501.75,Yape
V000906,2025-06-03,Miraflores,Hogar,Juego de sabanas,1,357.50,357.50,Transferencia
V001891,2025-05-14,Lima Centro,ROPA,Jean clasico,2,92.99,185.98,Plin
V000028,2025-04-15,Lima Centro, Electronica ,Audifonos BT,3,371.97,1115.91,Plin
V000914,2025-06-07,Arequipa, alimentos,Cafe molido 500g,5,185.72,928.60,Transferencia
V001415,2025-04-23,Miraflores,Electronica,Mouse inalambrico,3,221.28,663.84,Plin
V000726,2025-04-30,Arequipa,ROPA,Jean clasico,3,311.78,935.34,Yape
V000693,2025-06-22,Cusco,ropa ,Zapatillas urbanas,2,351.28,702.56,Transferencia
V001810,2025-05-23,Lima Centro,Hogar,Lampara LED,5,228.46,1142.30,
V000462,2025-06-20,Trujillo,Hogar,Organizador,3,130.56,391.68,Plin
V001495,2025-05-19,Trujillo,ALIMENTOS,Miel de abeja,1,146.23,146.23,Yape
V001063,2025-06-27,Cusco,Alimentos,Miel de abeja,1,92.39,92.39,Plin
V000848,2025-05-17,Lima Centro, alimentos,Aceite de oliva,4,110.02,440.08,Efectivo
V001258,2025-05-11,Arequipa,juguetes,Rompecabezas 1000,3,76.21,228.63,Plin
V001557,2025-04-01,Cusco,Alimentos,Cafe molido 500g,1,379.13,379.13,Transferencia
V001702,2025-06-21,Lima Centro,juguetes,Rompecabezas 1000,4,325.74,1302.96,Efectivo
V000203,2025-05-15,Lima Centro,Juguetes,Rompecabezas 1000,4,327.56,1310.24,Efectivo
V001006,2025-04-17,Arequipa,Ropa,Polo algodon,2,309.11,618.22,Tarjeta
V001640,2025-06-25,Lima Centro,Alimentos,Chocolate 70%,1,36.41,36.41,Plin
V001988,2025-05-11,Miraflores,Alimentos,Chocolate 70%,5,21.35,-171.97,Efectivo
V001662,2025-05-02,Miraflores,ROPA,Jean clasico,1,425.73,425.73,Tarjeta
V001462,2025-04-20,Cusco,Electronica,Cargador USB-C,4,303.16,1212.64,Yape
V000497,2025-05-31,Cusco,Ropa,Casaca impermeable,3,33.64,100.92,Plin
V000095,2025-04-28,Miraflores,ropa ,Polo algodon,1,379.37,379.37,Transferencia
V000931,2025-06-09,Miraflores,Juguetes,Peluche mediano,2,479.10,958.20,Efectivo
V001245,2025-05-13,Cusco,Juguetes,Rompecabezas 1000,3,445.46,1336.38,Yape
V000623,2025-06-17,Arequipa,Hogar,Organizador,5,302.44,1512.20,Efectivo
V001355,2025-05-05,Cusco,hogar,Juego de sabanas,3,349.68,1049.04,Tarjeta
V001795,2025-05-01,Arequipa,,Olla antiadherente,0,78.84,0.00,Yape
V001358,2025-06-11,Cusco,ROPA,Casaca impermeable,1,36.66,36.66,Transferencia
V001048,2025-05-04,Cusco,ALIMENTOS,Cafe molido 500g,3,196.53,589.59,Efectivo
V001447,2025-06-11,Arequipa,Juguetes,Rompecabezas 1000,2,431.25,862.50,Transferencia
V000104,2025-05-06,Cusco,hogar,Juego de sabanas,2,81.03,162.06,Yape
V000459,2025-04-05,Lima Centro,ELECTRONICA,Monitor 24,1,84.15,84.15,Transferencia
V000474,2025-05-11,Arequipa,HOGAR ,Olla antiadherente,0,137.16,0.00,Transferencia
V001243,2025-06-17,Cusco,HOGAR ,Lampara LED,2,411.74,823.48,Transferencia
V001134,2025-05-15,Lima Centro,HOGAR ,Juego de sabanas,3,413.62,1240.86,Transferencia
V000794,2025-05-15,Trujillo,ROPA,Jean clasico,4,234.18,936.72,Yape
V001974,2025-06-12,Arequipa,Juguetes,Set de bloques,1,184.25,184.25,Yape
V001137,2025-06-02,Miraflores,Hogar,Organizador,4,378.08,1512.32,Yape
V001208,2025-05-03,Miraflores,Ropa,Jean clasico,2,426.50,853.00,Tarjeta
V001704,2025-04-29,Arequipa,ropa ,Casaca impermeable,2,432.83,865.66,Transferencia
V000986,2025-06-26,Arequipa,ROPA,Zapatillas urbanas,1,361.52,361.52,Yape
V000450,2025-05-09,Arequipa,Juguetes,Peluche mediano,4,472.37,1889.48,Plin
V000271,2025-05-12,Lima Centro,Ropa,Casaca impermeable,0,256.48,0.00,Yape
V001201,2025-04-12,Miraflores, alimentos,Chocolate 70%,1,240.44,240.44,Tarjeta
V000932,2025-05-05,Arequipa, alimentos,Chocolate 70%,2,217.35,434.70,Tarjeta
V000097,2025-04-09,Trujillo,ELECTRONICA,Mouse inalambrico,0,285.94,0.00,Transferencia
V000243,2025-06-24,Arequipa,ROPA,Jean clasico,1,125.13,125.13,Efectivo
V000076,2025-05-15,Arequipa,juguetes,Set de bloques,1,141.50,141.50,Plin
V001221,2025-05-21,Cusco, Electronica ,Mouse inalambrico,1,357.14,357.14,Yape
V001465,2025-04-10,Miraflores,Alimentos,Chocolate 70%,3,262.71,788.13,Efectivo
V000795,2025-06-17,Lima Centro,ROPA,Jean clasico,0,93.79,0.00,Plin
V000823,2025-04-02,Cusco,ELECTRONICA,Audifonos BT,1,233.06,233.06,Efectivo
V001647,2025-05-26,Trujillo,ALIMENTOS,Cafe molido 500g,1,8.56,8.56,Transferencia
V001001,2025-05-06,Miraflores,ropa ,Polo algodon,4,401.68,1606.72,Efectivo
V001329,2025-06-22,Miraflores,HOGAR ,Lampara LED,0,209.14,0.00,Plin
V000055,2025-05-06,Cusco,hogar,Juego de sabanas,5,409.65,2048.25,Transferencia
V000275,2025-05-11,Miraflores,ROPA,Jean clasico,2,309.91,619.82,Tarjeta
V001047,2025-04-08,Arequipa,,Chocolate 70%,1,345.86,345.86,Plin
V000202,2025-05-09,Miraflores,Juguetes,Peluche mediano,1,92.66,-70.08,Plin
V001343,2025-04-22,Arequipa,ROPA,Zapatillas urbanas,1,48.04,48.04,Tarjeta
V000793,2025-05-10,Miraflores,Electronica,Mouse inalambrico,2,446.53,893.06,Plin
V001319,2025-06-15,Cusco,electronica,Audifonos BT,1,58.42,58.42,Efectivo
V001072,2025-06-28,Lima Centro,HOGAR ,Olla antiadherente,1,214.86,214.86,Transferencia
V001106,2025-06-24,Trujillo,ALIMENTOS,Aceite de oliva,0,367.00,0.00,Transferencia
V001326,2025-04-19,Miraflores,electronica,Mouse inalambrico,3,469.26,1407.78,Tarjeta
V001162,2025-04-23,Arequipa,Hogar,Olla antiadherente,4,450.32,1801.28,Plin
V000317,2025-04-15,Lima Centro,ALIMENTOS,Cafe molido 500g,1,391.82,391.82,Yape
V000289,2025-06-19,Cusco,hogar,Lampara LED,4,132.67,530.68,Yape
V001120,2025-04-29,Trujillo,ALIMENTOS,Aceite de oliva,4,56.91,227.64,Efectivo
V001121,2025-04-28,Miraflores,ELECTRONICA,Teclado mecanico,1,323.07,323.07,Tarjeta
V000181,2025-06-08,Trujillo, alimentos,Miel de abeja,1,330.25,330.25,Efectivo
V001813,2025-06-18,Trujillo,Ropa,Polo algodon,4,319.48,1277.92,Efectivo
V000684,2025-06-04,Cusco,Hogar,Olla antiadherente,1,229.62,229.62,Tarjeta
V001295,2025-04-24,Lima Centro,ALIMENTOS,Chocolate 70%,5,70.73,353.65,Transferencia
V000058,2025-06-28,Miraflores,hogar,Organizador,2,152.73,305.46,Transferencia
V001235,2025-06-24,Miraflores,electronica,Teclado mecanico,1,277.24,277.24,Plin
V001368,2025-04-26,Trujillo,Juguetes,Set de bloques,5,348.43,1742.15,Efectivo
V001294,2025-06-03,Trujillo,Alimentos,Cafe molido 500g,3,81.88,245.64,Yape
V000235,2025-05-25,Miraflores,juguetes,Rompecabezas 1000,1,353.00,353.00,Transferencia
V000370,2025-06-01,Miraflores, alimentos,Miel de abeja,3,286.03,858.09,Plin
V000223,2025-06-26,Arequipa,juguetes,Peluche mediano,3,289.77,869.31,Plin
V001771,2025-06-28,Trujillo,Ropa,Zapatillas urbanas,1,58.92,58.92,Transferencia
V000818,2025-06-03,Trujillo,ELECTRONICA,Cargador USB-C,4,460.92,1843.68,Plin
V001713,2025-05-29,Cusco,juguetes,Set de bloques,4,138.18,552.72,Plin
V000488,2025-06-22,Trujillo,ropa ,Polo algodon,1,314.04,314.04,Tarjeta
V000310,2025-04-17,Miraflores,,Jean clasico,5,177.57,887.85,Tarjeta
V000163,2025-05-16,Arequipa,Juguetes,Rompecabezas 1000,3,479.11,1437.33,Transferencia
V000661,2025-06-05,Cusco,Hogar,Lampara LED,4,452.42,1809.68,Transferencia
V000981,2025-04-22,Miraflores,ALIMENTOS,Aceite de oliva,5,182.56,912.80,Efectivo
V001629,2025-04-16,Miraflores,Juguetes,Set de bloques,1,368.84,368.84,
V001963,2025-06-22,Lima Centro,Electronica,Monitor 24,2,27.60,55.20,Tarjeta
V000319,2025-06-23,Miraflores,hogar,Olla antiadherente,1,197.17,197.17,Plin
V000047,2025-05-29,Arequipa,ELECTRONICA,Monitor 24,1,47.62,47.62,Plin
V001076,2025-06-05,Lima Centro,Juguetes,Set de bloques,2,279.31,558.62,Efectivo
V000421,2025-06-11,Trujillo,Juguetes,Rompecabezas 1000,1,350.28,350.28,Tarjeta
V000842,2025-06-27,Trujillo,juguetes,Rompecabezas 1000,4,37.45,149.80,Tarjeta
V000908,2025-06-01,Miraflores,juguetes,Rompecabezas 1000,1,124.68,-156.68,Efectivo
V001049,2025-06-28,Lima Centro, Electronica ,Teclado mecanico,3,202.89,608.67,Efectivo
V001128,2025-04-19,Cusco,ropa ,Zapatillas urbanas,2,262.12,524.24,Transferencia
V000540,2025-05-07,Trujillo,ROPA,Jean clasico,1,380.53,380.53,Efectivo
V001036,2025-05-08,Arequipa,ELECTRONICA,Cargador USB-C,1,306.01,306.01,Transferencia
V001625,2025-06-20,Trujillo,Hogar,Lampara LED,1,252.54,252.54,Tarjeta
V001127,2025-04-18,Trujillo,Electronica,Mouse inalambrico,1,458.63,458.63,Plin
V000830,2025-05-10,Lima Centro,ROPA,Jean clasico,1,468.99,468.99,Yape
V000344,2025-06-08,Cusco,HOGAR ,Organizador,5,28.70,143.50,Efectivo
V000800,2025-06-12,Lima Centro,ELECTRONICA,Monitor 24,4,255.22,1020.88,Tarjeta
V001643,2025-06-07,Cusco,Electronica,Cargador USB-C,1,70.23,70.23,Yape
V001459,2025-05-14,Cusco,Electronica,Audifonos BT,4,198.07,792.28,Efectivo
V001561,2025-04-12,Cusco,juguetes,Rompecabezas 1000,4,170.66,682.64,Plin
V001941,2025-05-10,Trujillo,electronica,Cargador USB-C,4,277.92,1111.68,Efectivo
V001045,2025-04-15,Cusco,ELECTRONICA,Teclado mecanico,5,224.74,1123.70,Plin
V000757,2025-05-25,Trujillo,Ropa,Zapatillas urbanas,4,149.18,596.72,Transferencia
V001985,2025-06-19,Lima Centro,hogar,Lampara LED,3,67.87,203.61,Transferencia
V001648,2025-05-15,Trujillo,Alimentos,Chocolate 70%,5,287.94,1439.70,Tarjeta
V001143,2025-06-13,Cusco,electronica,Teclado mecanico,1,223.81,223.81,Tarjeta
V000119,2025-05-20,Trujillo,ropa ,Polo algodon,2,342.00,684.00,Yape
V001234,2025-04-18,Lima Centro,ALIMENTOS,Miel de abeja,1,38.76,38.76,Transferencia
V001012,2025-06-28,Trujillo,ROPA,Jean clasico,2,84.82,169.64,Plin
V000657,2025-04-03,Arequipa,Electronica,Teclado mecanico,1,459.84,459.84,Transferencia
V000133,2025-04-09,Arequipa,juguetes,Peluche mediano,1,192.29,192.29,Efectivo
V001195,2025-04-02,Arequipa,juguetes,Peluche mediano,1,147.53,147.53,Plin
V001994,2025-05-03,Trujillo,Hogar,Olla antiadherente,1,396.71,396.71,Tarjeta
V001904,2025-06-05,Trujillo,ropa ,Casaca impermeable,1,206.54,206.54,Efectivo
V001763,2025-04-27,Cusco,electronica,Monitor 24,1,380.33,380.33,Efectivo
V000948,2025-04-16,Cusco, alimentos,Cafe molido 500g,1,460.47,460.47,Plin
V000431,2025-04-17,Miraflores,Hogar,Juego de sabanas,5,277.72,1388.60,Plin
V001534,2025-06-22,Cusco,ropa ,Casaca impermeable,2,287.61,575.22,Tarjeta
V001951,2025-04-11,Cusco,HOGAR ,Lampara LED,2,63.33,-230.73,Transferencia
V000082,2025-04-24,Miraflores,ELECTRONICA,Audifonos BT,3,383.78,1151.34,Plin
V001404,2025-04-14,Miraflores,ALIMENTOS,Chocolate 70%,2,477.61,955.22,Plin
V001279,2025-06-03,Lima Centro, Electronica ,Teclado mecanico,1,133.32,133.32,Tarjeta
V001709,2025-05-28,Miraflores,ALIMENTOS,Chocolate 70%,4,259.99,1039.96,Efectivo
V001116,2025-04-12,Trujillo,Ropa,Zapatillas urbanas,1,165.54,165.54,Yape
V000159,2025-06-30,Cusco,HOGAR ,Lampara LED,1,193.47,193.47,Transferencia
V001075,2025-06-04,Arequipa,,Miel de abeja,1,400.55,400.55,Plin
V001693,2025-06-03,Trujillo,hogar,Lampara LED,1,403.15,403.15,Transferencia
V000415,2025-05-08,Arequipa,HOGAR ,Lampara LED,5,137.95,689.75,Transferencia
V001660,2025-04-11,Cusco,ALIMENTOS,Chocolate 70%,4,97.83,391.32,Transferencia
V000643,2025-05-09,Lima Centro,juguetes,Peluche mediano,1,338.54,338.54,Plin
V001017,2025-06-25,Trujillo,ropa ,Casaca impermeable,3,10.33,30.99,Tarjeta
V000862,2025-04-23,Cusco,ALIMENTOS,Cafe molido 500g,2,332.42,664.84,Tarjeta
V000912,2025-06-04,Miraflores,,Cafe molido 500g,3,462.44,1387.32,Tarjeta
V001621,2025-05-27,Cusco, alimentos,Aceite de oliva,2,228.91,457.82,Yape
V001285,2025-05-01,Arequipa,hogar,Juego de sabanas,2,119.24,238.48,Plin
V000145,2025-05-21,Trujillo,ropa ,Zapatillas urbanas,1,178.34,178.34,Efectivo
V000532,2025-04-11,Cusco,HOGAR ,Juego de sabanas,2,209.03,418.06,Tarjeta
V001441,2025-04-04,Cusco, Electronica ,Monitor 24,1,425.95,425.95,Transferencia
V000662,2025-04-03,Arequipa,,Cafe molido 500g,2,36.62,73.24,Tarjeta
V001190,2025-05-31,Arequipa,hogar,Organizador,1,16.36,16.36,Yape
V000911,2025-06-23,Cusco,,Miel de abeja,4,77.93,311.72,Yape
V000955,2025-05-16,Trujillo,ropa ,Jean clasico,1,166.97,166.97,Efectivo
V001816,2025-04-24,Miraflores,electronica,Audifonos BT,1,93.78,93.78,Yape
V001131,2025-06-30,Trujillo,electronica,Monitor 24,4,387.92,1551.68,Yape
V001375,2025-06-29,Arequipa,juguetes,Peluche mediano,1,42.69,42.69,Yape
V000114,2025-04-23,Cusco,Juguetes,Rompecabezas 1000,3,173.72,521.16,Tarjeta
V000918,2025-05-07,Miraflores,Hogar,Juego de sabanas,5,186.24,931.20,Plin
V001905,2025-04-27,Arequipa,Juguetes,Peluche mediano,4,163.33,653.32,Tarjeta
V001286,2025-04-02,Miraflores,Ropa,Casaca impermeable,3,83.14,249.42,Efectivo
V001111,2025-04-14,Cusco,juguetes,Set de bloques,2,57.07,114.14,Plin
V001464,2025-05-06,Miraflores,Ropa,Jean clasico,1,375.79,375.79,Plin
V001638,2025-06-12,Arequipa,hogar,Lampara LED,1,385.26,385.26,Yape
V001888,2025-04-26,Trujillo,Ropa,Jean clasico,4,50.54,202.16,Tarjeta
V000648,2025-05-25,Miraflores,juguetes,Peluche mediano,2,396.38,792.76,Efectivo
V000878,2025-06-25,Lima Centro,ropa ,Casaca impermeable,5,64.59,322.95,Plin
V001849,2025-05-07,Arequipa,ALIMENTOS,Miel de abeja,1,465.23,465.23,Transferencia
V001632,2025-06-05,Lima Centro,Ropa,Casaca impermeable,2,470.41,940.82,Tarjeta
V001665,2025-05-04,Miraflores,juguetes,Rompecabezas 1000,1,426.25,426.25,Yape
V001451,2025-04-13,Miraflores,ELECTRONICA,Teclado mecanico,5,342.14,1710.70,Efectivo
V000074,2025-06-01,Trujillo,ropa ,Polo algodon,5,455.01,2275.05,Yape
V000116,2025-05-10,Trujillo,hogar,Lampara LED,1,215.57,215.57,Yape
V001853,2025-05-29,Miraflores,ROPA,Zapatillas urbanas,1,427.22,427.22,Tarjeta
V001392,2025-05-01,Cusco,Ropa,Jean clasico,3,470.78,1412.34,Plin
V000966,2025-04-12,Cusco,ROPA,Casaca impermeable,2,229.89,459.78,Tarjeta
V000467,2025-04-20,Arequipa,juguetes,Set de bloques,0,270.04,0.00,Yape
V000351,2025-06-10,Trujillo,Ropa,Casaca impermeable,1,112.21,112.21,Transferencia
V000311,2025-06-19,Lima Centro, Electronica ,Cargador USB-C,1,66.13,66.13,Yape
V000056,2025-04-03,Lima Centro,ELECTRONICA,Cargador USB-C,2,48.41,96.82,Plin
V001187,2025-06-25,Lima Centro,juguetes,Set de bloques,2,97.65,195.30,Tarjeta
V001030,2025-05-26,Lima Centro,HOGAR ,Organizador,4,18.57,74.28,Efectivo
V001280,2025-05-13,Arequipa,electronica,Monitor 24,3,299.13,897.39,Transferencia
V000923,2025-06-19,Lima Centro,HOGAR ,Juego de sabanas,1,464.95,464.95,Transferencia
V000244,2025-06-21,Cusco,Ropa,Casaca impermeable,4,147.50,590.00,Efectivo
V000971,2025-05-11,Trujillo,ALIMENTOS,Aceite de oliva,1,145.32,145.32,Yape
V001339,2025-06-29,Arequipa,Alimentos,Aceite de oliva,4,426.89,1707.56,
V001110,2025-06-03,Miraflores,Hogar,Lampara LED,4,322.81,1291.24,Plin
V000296,2025-05-05,Trujillo,Hogar,Juego de sabanas,4,31.44,125.76,Tarjeta
V001485,2025-06-24,Miraflores,juguetes,Peluche mediano,1,477.96,-216.33,Plin
V001794,2025-06-28,Arequipa,Ropa,Zapatillas urbanas,1,446.76,446.76,Transferencia
V000274,2025-06-12,Lima Centro,Hogar,Olla antiadherente,1,186.60,186.60,Transferencia
V000483,2025-05-28,Cusco,HOGAR ,Organizador,1,50.73,50.73,Tarjeta
V000313,2025-04-14,Cusco,ropa ,Polo algodon,2,206.65,413.30,Tarjeta
V001972,2025-05-17,Lima Centro,ALIMENTOS,Aceite de oliva,4,433.65,1734.60,Efectivo
V000048,2025-05-15,Miraflores,Hogar,Organizador,2,362.95,725.90,Transferencia
V001216,2025-05-31,Cusco,juguetes,Set de bloques,5,381.81,1909.05,Transferencia
V001745,2025-04-11,Cusco,electronica,Audifonos BT,1,350.73,350.73,Transferencia
V001742,2025-06-17,Lima Centro,juguetes,Peluche mediano,1,405.70,405.70,Plin
V000849,2025-05-13,Lima Centro,hogar,Lampara LED,1,338.08,338.08,Transferencia
V001808,2025-06-29,Trujillo,ALIMENTOS,Aceite de oliva,0,221.85,0.00,Plin
V001154,2025-04-01,Trujillo,electronica,Monitor 24,1,299.97,299.97,Efectivo
V000697,2025-05-27,Miraflores,juguetes,Set de bloques,4,220.94,883.76,Plin
V001683,2025-06-04,Arequipa,Hogar,Organizador,3,13.54,40.62,Transferencia
V000741,2025-06-14,Miraflores,ALIMENTOS,Miel de abeja,1,417.87,417.87,Efectivo
V001903,2025-04-16,Cusco,HOGAR ,Organizador,2,107.72,215.44,Plin
V000782,2025-06-01,Arequipa,ELECTRONICA,Monitor 24,5,186.93,934.65,Efectivo
V000301,2025-04-29,Cusco,HOGAR ,Lampara LED,4,198.97,795.88,Yape
V001596,2025-04-25,Lima Centro,Ropa,Casaca impermeable,1,346.40,346.40,Efectivo
V000604,2025-06-22,Trujillo,ROPA,Zapatillas urbanas,1,21.58,21.58,Yape
V000307,2025-06-08,Miraflores,ROPA,Zapatillas urbanas,1,69.08,69.08,
V001776,2025-05-03,Arequipa,juguetes,Set de bloques,1,358.81,358.81,Tarjeta
V001925,2025-05-08,Miraflores,Juguetes,Set de bloques,5,199.19,995.95,
V001811,2025-05-10,Trujillo,juguetes,Set de bloques,5,476.90,2384.50,Tarjeta
V001824,2025-06-15,Trujillo,Alimentos,Cafe molido 500g,1,375.78,375.78,Transferencia
V001566,2025-06-19,Arequipa,ALIMENTOS,Aceite de oliva,1,164.16,164.16,Plin
V001635,2025-06-25,Arequipa,ROPA,Polo algodon,1,258.90,258.90,
V001085,2025-05-26,Arequipa,Hogar,Juego de sabanas,5,15.62,78.10,Yape
V001663,2025-05-24,Cusco,Hogar,Organizador,2,94.43,188.86,Plin
V000189,2025-04-25,Lima Centro,juguetes,Rompecabezas 1000,4,122.63,490.52,Efectivo
V000761,2025-06-02,Arequipa, Electronica ,Audifonos BT,3,288.08,864.24,Efectivo
V000178,2025-05-21,Arequipa, Electronica ,Monitor 24,1,250.25,250.25,Yape
V001396,2025-05-18,Miraflores,ALIMENTOS,Miel de abeja,1,415.29,415.29,Tarjeta
V001316,2025-04-28,Cusco,juguetes,Peluche mediano,1,179.12,179.12,Efectivo
V001346,2025-06-14,Miraflores,Juguetes,Rompecabezas 1000,1,433.19,433.19,Plin
V000438,2025-06-02,Cusco,hogar,Juego de sabanas,1,146.06,146.06,Efectivo
V001210,2025-04-04,Cusco,Juguetes,Rompecabezas 1000,5,234.64,1173.20,Efectivo
V000373,2025-06-13,Arequipa, alimentos,Aceite de oliva,4,268.59,1074.36,Yape
V000826,2025-06-06,Trujillo,juguetes,Peluche mediano,2,441.84,883.68,Yape
V000787,2025-04-18,Trujillo,ropa ,Casaca impermeable,0,360.63,0.00,Tarjeta
V000006,2025-05-12,Lima Centro,juguetes,Peluche mediano,1,260.11,260.11,Transferencia
V001434,2025-06-04,Miraflores,juguetes,Peluche mediano,3,353.92,1061.76,Transferencia
V000395,2025-06-17,Trujillo,Juguetes,Peluche mediano,4,408.68,1634.72,Yape
V000909,2025-06-24,Miraflores,,Jean clasico,5,413.60,2068.00,Tarjeta
V000203,2025-05-15,Lima Centro,Juguetes,Rompecabezas 1000,4,327.56,1310.24,Efectivo
V001882,2025-06-28,Trujillo,Ropa,Jean clasico,1,143.69,143.69,Plin
V001058,2025-04-08,Miraflores,Electronica,Cargador USB-C,2,268.53,537.06,Tarjeta
V000600,2025-06-22,Cusco,,Monitor 24,3,93.85,281.55,Efectivo
V000985,2025-05-25,Trujillo,ALIMENTOS,Aceite de oliva,1,84.51,84.51,Efectivo
V001718,2025-05-28,Arequipa,juguetes,Rompecabezas 1000,5,131.62,658.10,
V001758,2025-04-02,Arequipa,,Chocolate 70%,1,468.35,-204.09,Plin
V000941,2025-04-08,Cusco,ALIMENTOS,Miel de abeja,1,215.64,215.64,Transferencia
V000340,2025-04-10,Arequipa,electronica,Teclado mecanico,3,289.73,869.19,Transferencia
V000574,2025-04-18,Arequipa,ALIMENTOS,Miel de abeja,1,23.51,23.51,Tarjeta
V001550,2025-06-15,Trujillo,HOGAR ,Organizador,1,378.08,378.08,Yape
V001276,2025-04-20,Trujillo, alimentos,Miel de abeja,4,368.44,1473.76,Transferencia
V001468,2025-06-30,Arequipa,HOGAR ,Juego de sabanas,3,158.77,476.31,Efectivo
V000772,2025-05-05,Lima Centro,,Olla antiadherente,4,395.78,1583.12,Transferencia
V001843,2025-05-23,Lima Centro, alimentos,Aceite de oliva,3,292.97,878.91,Plin
V001480,2025-06-12,Arequipa, alimentos,Miel de abeja,5,66.68,-199.98,Transferencia
V000739,2025-05-18,Miraflores, Electronica ,Teclado mecanico,5,8.75,43.75,Plin
V001935,2025-04-19,Cusco,ROPA,Casaca impermeable,0,12.65,0.00,Plin
V001510,2025-06-14,Arequipa,electronica,Monitor 24,5,11.62,58.10,Yape
V000064,2025-04-21,Lima Centro,Juguetes,Peluche mediano,1,455.26,455.26,Tarjeta
V000880,2025-04-02,Miraflores,Electronica,Mouse inalambrico,2,319.27,638.54,Plin
V000345,2025-06-29,Trujillo, Electronica ,Audifonos BT,2,324.40,648.80,Tarjeta
V000451,2025-06-04,Lima Centro,Alimentos,Aceite de oliva,4,146.97,587.88,Plin
V001570,2025-04-01,Lima Centro,ROPA,Polo algodon,4,346.46,1385.84,Efectivo
V001325,2025-04-19,Miraflores,Electronica,Cargador USB-C,1,315.67,315.67,Yape
V000502,2025-06-24,Cusco,Electronica,Audifonos BT,2,456.63,913.26,Transferencia
V001779,2025-05-10,Trujillo,Ropa,Jean clasico,1,109.33,109.33,Efectivo
V000861,2025-05-23,Lima Centro,Hogar,Olla antiadherente,1,44.52,44.52,Plin
V001169,2025-04-15,Miraflores,Alimentos,Chocolate 70%,3,474.25,1422.75,Plin
V000218,2025-05-14,Trujillo,Juguetes,Rompecabezas 1000,3,478.92,1436.76,Tarjeta
V000567,2025-06-26,Trujillo,juguetes,Set de bloques,2,472.90,945.80,Yape
V001651,2025-05-01,Lima Centro,Hogar,Organizador,1,92.60,92.60,Tarjeta
V001054,2025-05-19,Lima Centro,Juguetes,Peluche mediano,3,255.02,765.06,Plin
V001427,2025-05-17,Miraflores, alimentos,Miel de abeja,1,30.13,30.13,Efectivo
V000812,2025-06-09,Arequipa,ROPA,Casaca impermeable,5,366.57,1832.85,Tarjeta
V001065,2025-06-06,Trujillo,Ropa,Casaca impermeable,3,81.82,245.46,Tarjeta
V001314,2025-05-23,Lima Centro,electronica,Audifonos BT,1,451.23,451.23,Tarjeta
V001272,2025-05-15,Trujillo, alimentos,Aceite de oliva,4,460.94,1843.76,Yape
V000656,2025-04-16,Cusco,,Juego de sabanas,5,355.35,1776.75,Yape
V001242,2025-06-23,Arequipa,Electronica,Monitor 24,1,273.12,273.12,Plin
V001719,2025-04-27,Lima Centro, Electronica ,Audifonos BT,1,108.47,108.47,Transferencia
V000265,2025-06-10,Trujillo,Ropa,Casaca impermeable,2,140.09,-189.56,Plin
V001483,2025-06-02,Trujillo,Alimentos,Miel de abeja,2,56.17,112.34,Yape
V001546,2025-06-12,Trujillo, Electronica ,Monitor 24,5,376.91,-242.83,Plin
V001070,2025-04-13,Lima Centro,ALIMENTOS,Cafe molido 500g,4,332.64,1330.56,Transferencia
V001026,2025-05-14,Arequipa,Electronica,Monitor 24,2,26.81,53.62,Yape
V000008,2025-04-29,Miraflores, alimentos,Aceite de oliva,2,73.91,147.82,Transferencia
V001969,2025-05-07,Arequipa,electronica,Cargador USB-C,1,347.07,347.07,Yape
V000326,2025-04-29,Trujillo,juguetes,Peluche mediano,2,428.13,856.26,Yape
V001478,2025-05-31,Lima Centro, alimentos,Miel de abeja,4,396.55,1586.20,Tarjeta
V001845,2025-05-03,Lima Centro,juguetes,Rompecabezas 1000,5,102.41,512.05,Plin
V001407,2025-06-27,Arequipa,Alimentos,Aceite de oliva,4,417.03,1668.12,Transferencia
V000548,2025-05-24,Trujillo, alimentos,Chocolate 70%,1,142.35,142.35,Plin
V001512,2025-05-27,Arequipa,ALIMENTOS,Cafe molido 500g,3,380.49,-239.25,Yape
V000872,2025-06-16,Arequipa,hogar,Olla antiadherente,2,31.44,62.88,Efectivo
V001052,2025-04-04,Miraflores,ALIMENTOS,Chocolate 70%,1,359.04,359.04,Yape
V000137,2025-04-11,Trujillo, alimentos,Miel de abeja,3,467.60,1402.80,Efectivo
V000633,2025-06-03,Arequipa,ropa ,Jean clasico,1,322.85,322.85,Plin
V001345,2025-05-30,Lima Centro,Hogar,Lampara LED,2,445.17,890.34,Plin
V000233,2025-05-05,Trujillo,ropa ,Casaca impermeable,1,343.78,343.78,Tarjeta
V000749,2025-05-12,Trujillo,Ropa,Casaca impermeable,2,88.44,176.88,Efectivo
V001879,2025-04-28,Arequipa,Ropa,Zapatillas urbanas,1,16.49,16.49,Tarjeta
V001881,2025-04-22,Miraflores,ROPA,Jean clasico,5,89.23,446.15,Efectivo
V000943,2025-04-30,Lima Centro,ROPA,Polo algodon,2,62.02,124.04,Efectivo
V000895,2025-04-06,Cusco,hogar,Organizador,1,133.23,133.23,Yape
V001091,2025-06-17,Lima Centro,ROPA,Polo algodon,4,474.43,1897.72,Transferencia
V000586,2025-05-23,Arequipa,ROPA,Casaca impermeable,1,360.32,360.32,Efectivo
V000965,2025-06-15,Trujillo,Electronica,Cargador USB-C,3,97.87,293.61,Efectivo
V000942,2025-06-20,Miraflores,electronica,Mouse inalambrico,3,457.95,1373.85,Plin
V001362,2025-06-20,Trujillo,Ropa,Polo algodon,2,461.49,922.98,Yape
V000902,2025-05-25,Trujillo,ropa ,Zapatillas urbanas,4,53.33,213.32,Yape
V001524,2025-06-02,Cusco, Electronica ,Audifonos BT,1,453.79,453.79,Transferencia
V001155,2025-04-10,Lima Centro,ELECTRONICA,Cargador USB-C,1,392.07,392.07,Efectivo
V000198,2025-04-11,Arequipa,ROPA,Polo algodon,1,255.51,255.51,Yape
V000466,2025-05-23,Lima Centro, alimentos,Cafe molido 500g,1,235.27,235.27,Plin
V000084,2025-05-29,Arequipa,ALIMENTOS,Chocolate 70%,1,42.86,42.86,Plin
V000315,2025-04-12,Lima Centro,hogar,Olla antiadherente,1,266.72,266.72,
V000640,2025-05-27,Miraflores,ropa ,Casaca impermeable,4,203.13,812.52,Yape
V001897,2025-04-07,Arequipa,juguetes,Peluche mediano,1,402.23,402.23,Yape
V000392,2025-05-17,Cusco, alimentos,Cafe molido 500g,1,36.34,36.34,Yape
V000960,2025-05-04,Cusco,ELECTRONICA,Mouse inalambrico,2,86.16,172.32,Yape
V000036,2025-05-09,Trujillo,hogar,Organizador,2,269.68,539.36,Tarjeta
V001784,2025-04-30,Trujillo,ROPA,Casaca impermeable,5,187.06,-162.40,Efectivo
V001724,2025-06-21,Arequipa,Ropa,Jean clasico,4,370.55,1482.20,Yape
V001251,2025-04-17,Lima Centro,Ropa,Casaca impermeable,1,178.55,178.55,Transferencia
V000575,2025-04-21,Cusco, alimentos,Miel de abeja,1,276.50,276.50,Plin
V001067,2025-04-18,Trujillo,Alimentos,Chocolate 70%,4,273.87,-282.60,Yape
V000681,2025-05-13,Cusco,Juguetes,Peluche mediano,1,222.01,222.01,Efectivo
V000287,2025-05-06,Cusco,Ropa,Casaca impermeable,2,158.92,317.84,Plin
V001563,2025-06-07,Miraflores,ROPA,Jean clasico,4,112.68,450.72,Yape
V001230,2025-06-27,Miraflores,Juguetes,Rompecabezas 1000,5,90.09,450.45,Yape
V001087,2025-06-24,Arequipa,Juguetes,Rompecabezas 1000,1,252.79,252.79,Tarjeta
V001966,2025-05-26,Lima Centro,juguetes,Set de bloques,2,412.72,825.44,Transferencia
V000185,2025-06-26,Arequipa,ropa ,Polo algodon,1,245.84,245.84,Transferencia
V001960,2025-05-24,Trujillo,ropa ,Polo algodon,5,362.34,1811.70,Tarjeta
V001973,2025-04-07,Arequipa,Electronica,Mouse inalambrico,2,329.38,658.76,Efectivo
V000091,2025-04-15,Miraflores, Electronica ,Cargador USB-C,3,440.00,1320.00,Yape
V001755,2025-05-24,Trujillo,Alimentos,Cafe molido 500g,1,403.69,403.69,Tarjeta
V001657,2025-05-31,Cusco, alimentos,Chocolate 70%,2,432.44,864.88,Plin
V001786,2025-05-05,Cusco,Juguetes,Rompecabezas 1000,4,294.94,1179.76,Tarjeta
V001333,2025-05-05,Cusco,juguetes,Set de bloques,3,8.69,26.07,Plin
V000302,2025-05-04,Cusco,Alimentos,Chocolate 70%,2,407.04,814.08,Plin
V001878,2025-06-30,Trujillo,Juguetes,Set de bloques,3,355.03,1065.09,Yape
V000514,2025-04-14,Lima Centro,ELECTRONICA,Teclado mecanico,1,435.00,435.00,Efectivo
V001264,2025-04-10,Lima Centro,Juguetes,Rompecabezas 1000,1,144.05,144.05,Tarjeta
V001469,2025-06-21,Trujillo, Electronica ,Teclado mecanico,1,66.86,66.86,Transferencia
V000346,2025-06-13,Miraflores,Electronica,Teclado mecanico,1,224.75,224.75,Yape
V000003,2025-06-17,Arequipa,Alimentos,Chocolate 70%,2,81.39,162.78,Yape
V000886,2025-04-05,Cusco,Juguetes,Peluche mediano,5,252.79,1263.95,Tarjeta
V001348,2025-06-02,Miraflores,juguetes,Peluche mediano,1,168.06,168.06,Tarjeta
V000288,2025-06-12,Lima Centro, alimentos,Cafe molido 500g,4,61.11,244.44,Efectivo
V001931,2025-05-19,Cusco, alimentos,Miel de abeja,4,42.30,169.20,Tarjeta
V001124,2025-06-04,Trujillo,Juguetes,Set de bloques,1,460.22,460.22,Transferencia
V001560,2025-06-15,Cusco,ELECTRONICA,Cargador USB-C,2,273.16,546.32,Transferencia
V001287,2025-04-05,Miraflores,Juguetes,Set de bloques,5,431.19,2155.95,Efectivo
V001697,2025-05-06,Cusco,ALIMENTOS,Cafe molido 500g,1,230.34,230.34,Transferencia
V001198,2025-06-20,Trujillo,ROPA,Jean clasico,1,66.49,66.49,Plin
V001887,2025-05-30,Miraflores,,Aceite de oliva,4,140.81,563.24,Transferencia
V000787,2025-04-18,Trujillo,ropa ,Casaca impermeable,0,360.63,0.00,Tarjeta
V000039,2025-05-02,Miraflores,ELECTRONICA,Teclado mecanico,5,296.52,1482.60,Plin
V001387,2025-05-24,Lima Centro,juguetes,Peluche mediano,1,200.49,200.49,Efectivo
V000515,2025-06-27,Cusco, alimentos,Aceite de oliva,1,387.70,387.70,Yape
V001859,2025-05-26,Arequipa,ROPA,Zapatillas urbanas,2,302.26,604.52,Transferencia
V000457,2025-04-27,Lima Centro, alimentos,Miel de abeja,5,45.48,227.40,Transferencia
V001309,2025-06-05,Trujillo,juguetes,Rompecabezas 1000,5,475.81,2379.05,Plin
V001312,2025-06-15,Miraflores,Hogar,Organizador,1,465.64,465.64,Transferencia
V001021,2025-05-21,Cusco,Ropa,Zapatillas urbanas,1,142.50,142.50,Plin
V000660,2025-04-19,Trujillo,HOGAR ,Organizador,1,35.81,35.81,Plin
V001174,2025-04-15,Lima Centro,HOGAR ,Lampara LED,2,238.73,477.46,Yape
V000030,2025-04-04,Miraflores,ELECTRONICA,Mouse inalambrico,4,467.65,1870.60,Tarjeta
V001044,2025-05-08,Lima Centro,Juguetes,Peluche mediano,2,409.35,818.70,Tarjeta
V000613,2025-04-20,Lima Centro,HOGAR ,Juego de sabanas,2,329.58,659.16,Efectivo
V001008,2025-06-14,Trujillo,HOGAR ,Organizador,2,51.62,103.24,Tarjeta
V001416,2025-05-19,Lima Centro,,Set de bloques,5,192.31,961.55,Transferencia
V000016,2025-05-02,Trujillo,ELECTRONICA,Audifonos BT,3,41.44,124.32,Transferencia
V000774,2025-06-02,Lima Centro,Electronica,Audifonos BT,4,470.32,1881.28,Yape
V001907,2025-05-22,Trujillo,juguetes,Rompecabezas 1000,1,399.02,399.02,Efectivo
V001544,2025-05-19,Cusco, Electronica ,Cargador USB-C,1,181.36,181.36,Yape
V000725,2025-05-27,Arequipa,Electronica,Teclado mecanico,3,243.40,730.20,Transferencia
V000420,2025-04-10,Miraflores,electronica,Mouse inalambrico,4,396.00,1584.00,Efectivo
V000951,2025-05-02,Trujillo,juguetes,Rompecabezas 1000,3,316.37,949.11,Tarjeta
V000087,2025-04-17,Lima Centro,ROPA,Jean clasico,1,304.53,304.53,Efectivo
V001873,2025-06-15,Trujillo,Ropa,Casaca impermeable,1,282.65,282.65,Plin
V000651,2025-05-23,Lima Centro,juguetes,Rompecabezas 1000,2,222.96,445.92,Efectivo
V000612,2025-06-03,Lima Centro,ropa ,Jean clasico,2,283.43,566.86,Efectivo
V000027,2025-05-25,Arequipa,hogar,Olla antiadherente,3,104.10,312.30,Efectivo
V001079,2025-06-23,Miraflores,Alimentos,Cafe molido 500g,1,114.31,114.31,Yape
V000554,2025-04-07,Arequipa,electronica,Mouse inalambrico,1,406.97,406.97,Tarjeta
V001249,2025-06-10,Cusco,hogar,Juego de sabanas,4,391.79,-64.79,Plin
V000798,2025-04-26,Cusco,electronica,Cargador USB-C,2,99.06,198.12,Plin
V000743,2025-05-01,Arequipa,ALIMENTOS,Chocolate 70%,5,231.37,1156.85,Yape
V000430,2025-04-19,Miraflores,Ropa,Polo algodon,4,466.33,1865.32,Yape
V000225,2025-06-02,Arequipa,ropa ,Zapatillas urbanas,4,95.68,382.72,Tarjeta
V000551,2025-04-29,Lima Centro,ropa ,Zapatillas urbanas,2,269.43,538.86,Transferencia
V001138,2025-06-06,Lima Centro, alimentos,Cafe molido 500g,3,35.67,107.01,Transferencia
V000314,2025-05-16,Trujillo,Juguetes,Rompecabezas 1000,2,61.81,123.62,Transferencia
V000690,2025-05-18,Miraflores,ELECTRONICA,Teclado mecanico,4,317.10,1268.40,Tarjeta
V000559,2025-05-10,Miraflores,Ropa,Zapatillas urbanas,3,89.28,267.84,Tarjeta
V001722,2025-05-06,Arequipa,ELECTRONICA,Teclado mecanico,2,441.74,883.48,Efectivo
V000277,2025-06-13,Miraflores, alimentos,Miel de abeja,1,425.51,425.51,Plin
V000998,2025-06-17,Arequipa,ALIMENTOS,Chocolate 70%,2,10.65,21.30,Transferencia
V001798,2025-05-21,Miraflores,electronica,Cargador USB-C,1,442.55,442.55,Tarjeta
V001180,2025-05-07,Miraflores,ropa ,Casaca impermeable,3,364.97,1094.91,Plin
V001834,2025-06-14,Trujillo, Electronica ,Mouse inalambrico,1,395.13,395.13,Tarjeta
V001682,2025-05-27,Lima Centro,Hogar,Organizador,2,436.94,-166.48,Yape
V001883,2025-05-17,Trujillo,electronica,Teclado mecanico,4,196.09,784.36,Efectivo
V001730,2025-04-07,Cusco,HOGAR ,Juego de sabanas,4,62.59,250.36,Efectivo
V001778,2025-05-21,Lima Centro,Alimentos,Cafe molido 500g,1,397.42,397.42,Tarjeta
V000993,2025-04-01,Arequipa,ropa ,Casaca impermeable,1,377.75,377.75,Tarjeta
V001222,2025-06-28,Miraflores,Alimentos,Aceite de oliva,3,361.92,1085.76,Plin
V000975,2025-04-03,Cusco,ropa ,Jean clasico,1,437.83,437.83,Efectivo
V001244,2025-05-07,Cusco,Juguetes,Rompecabezas 1000,5,167.10,835.50,Yape
V001687,2025-05-11,Cusco,juguetes,Set de bloques,1,41.67,41.67,Tarjeta
V000136,2025-05-26,Trujillo,HOGAR ,Juego de sabanas,2,143.04,286.08,Efectivo
V001307,2025-05-20,Miraflores,Juguetes,Peluche mediano,5,249.09,1245.45,Efectivo
V000888,2025-06-04,Cusco, alimentos,Aceite de oliva,1,378.86,378.86,Efectivo
V001578,2025-05-27,Trujillo, alimentos,Miel de abeja,1,312.03,312.03,Transferencia
V001196,2025-04-19,Trujillo,hogar,Olla antiadherente,1,147.76,147.76,Plin
V000025,2025-06-23,Cusco,ropa ,Jean clasico,1,423.02,423.02,Transferencia
V001185,2025-04-02,Trujillo,ROPA,Casaca impermeable,4,206.05,824.20,Tarjeta
V001369,2025-06-18,Cusco,Ropa,Casaca impermeable,4,311.98,-127.93,Efectivo
V000552,2025-06-02,Miraflores,Electronica,Teclado mecanico,2,149.68,299.36,Yape
V000436,2025-06-07,Lima Centro,,Jean clasico,5,302.08,1510.40,Transferencia
V000142,2025-06-02,Miraflores,ropa ,Zapatillas urbanas,4,439.19,1756.76,Transferencia
V001530,2025-06-22,Arequipa,juguetes,Rompecabezas 1000,3,332.94,998.82,Transferencia
V000570,2025-04-14,Lima Centro,hogar,Organizador,3,232.59,697.77,Tarjeta
V001788,2025-05-16,Arequipa,ropa ,Casaca impermeable,1,87.38,87.38,Tarjeta
V001592,2025-04-18,Miraflores,ALIMENTOS,Aceite de oliva,5,432.43,2162.15,Efectivo
V001247,2025-04-27,Cusco,Ropa,Jean clasico,3,104.51,313.53,Yape
V000063,2025-06-19,Lima Centro,juguetes,Peluche mediano,2,374.13,748.26,Plin
V000458,2025-04-12,Lima Centro,ropa ,Casaca impermeable,1,316.35,316.35,Transferencia
V001096,2025-04-25,Cusco,Electronica,Teclado mecanico,1,402.30,402.30,Plin
V001508,2025-06-16,Cusco,hogar,Olla antiadherente,4,427.68,1710.72,Efectivo
V001803,2025-06-20,Trujillo,Ropa,Casaca impermeable,5,48.91,244.55,Tarjeta
V001108,2025-04-12,Cusco,hogar,Juego de sabanas,5,209.03,1045.15,Tarjeta
V000100,2025-04-15,Cusco,ropa ,Jean clasico,3,187.79,563.37,Efectivo
V001498,2025-05-04,Trujillo,ELECTRONICA,Cargador USB-C,2,133.51,267.02,Plin
V000682,2025-05-03,Arequipa,Ropa,Polo algodon,1,13.80,13.80,Tarjeta
V001421,2025-06-21,Miraflores,Hogar,Lampara LED,1,448.96,448.96,Transferencia
V001633,2025-05-16,Trujillo,ELECTRONICA,Cargador USB-C,2,127.77,255.54,Tarjeta
V000093,2025-05-27,Miraflores,ALIMENTOS,Aceite de oliva,4,317.12,1268.48,Yape
V000356,2025-06-15,Miraflores,ropa ,Jean clasico,1,351.34,351.34,Transferencia
V000125,2025-05-30,Arequipa,Juguetes,Rompecabezas 1000,2,463.76,927.52,Transferencia
V000843,2025-06-07,Miraflores,hogar,Lampara LED,1,47.46,47.46,Plin
V001317,2025-06-28,Cusco,Electronica,Teclado mecanico,1,138.52,138.52,Transferencia
V001962,2025-04-07,Arequipa,,Cafe molido 500g,2,15.76,31.52,Plin
V000435,2025-06-08,Miraflores,juguetes,Rompecabezas 1000,2,14.48,28.96,Yape
V001877,2025-05-06,Lima Centro,hogar,Juego de sabanas,3,419.87,1259.61,Yape
V001990,2025-04-01,Trujillo,hogar,Juego de sabanas,4,231.37,925.48,Tarjeta
V000549,2025-06-07,Arequipa,HOGAR ,Olla antiadherente,4,351.90,1407.60,Tarjeta
V001919,2025-06-06,Cusco,Alimentos,Aceite de oliva,2,401.14,802.28,Efectivo
V001659,2025-05-30,Arequipa,Ropa,Polo algodon,1,74.76,74.76,Tarjeta
V000611,2025-05-07,Miraflores,Alimentos,Chocolate 70%,5,224.06,1120.30,Efectivo
V001275,2025-06-14,Lima Centro,electronica,Monitor 24,4,165.67,662.68,Efectivo
V001807,2025-04-13,Miraflores,ROPA,Jean clasico,2,173.07,346.14,Tarjeta
V000094,2025-05-29,Lima Centro,hogar,Juego de sabanas,3,264.99,794.97,Efectivo
V000398,2025-04-17,Miraflores,ELECTRONICA,Mouse inalambrico,1,47.79,47.79,Yape
V000837,2025-04-17,Trujillo,ALIMENTOS,Aceite de oliva,1,466.63,466.63,Transferencia
V000503,2025-06-28,Arequipa,ropa ,Polo algodon,1,127.57,127.57,Yape
V000041,2025-06-10,Trujillo,ropa ,Zapatillas urbanas,3,456.42,1369.26,Plin
V000927,2025-04-26,Cusco,,Monitor 24,2,314.96,629.92,Efectivo
V000131,2025-04-19,Arequipa,,Zapatillas urbanas,5,37.64,188.20,Transferencia
V001496,2025-06-11,Arequipa,juguetes,Rompecabezas 1000,2,449.58,899.16,
V000086,2025-05-16,Miraflores,hogar,Juego de sabanas,1,437.81,437.81,Tarjeta
V001777,2025-05-10,Miraflores,Hogar,Organizador,1,479.43,479.43,Efectivo
V000963,2025-04-11,Miraflores,ELECTRONICA,Audifonos BT,5,427.55,2137.75,Efectivo
V001681,2025-06-26,Arequipa,Ropa,Casaca impermeable,5,93.80,469.00,Plin
V000652,2025-04-19,Miraflores,electronica,Mouse inalambrico,2,27.01,54.02,Plin
V001714,2025-05-04,Arequipa,hogar,Olla antiadherente,4,354.01,1416.04,Transferencia
V000478,2025-04-15,Arequipa,juguetes,Set de bloques,3,193.06,579.18,Efectivo
V001589,2025-04-28,Cusco,hogar,Juego de sabanas,5,349.16,1745.80,Efectivo
V001981,2025-05-04,Miraflores,hogar,Olla antiadherente,1,392.91,392.91,Transferencia
V000035,2025-06-25,Trujillo,HOGAR ,Organizador,1,455.87,455.87,Yape
V000873,2025-05-22,Lima Centro,Juguetes,Set de bloques,2,280.07,560.14,Yape
V001095,2025-04-26,Miraflores,Hogar,Organizador,3,320.09,960.27,Plin
V001869,2025-04-17,Trujillo,Juguetes,Rompecabezas 1000,1,93.34,93.34,Tarjeta
V000833,2025-05-14,Trujillo,ropa ,Casaca impermeable,1,370.89,370.89,Transferencia
V001084,2025-05-17,Trujillo,ROPA,Polo algodon,5,357.58,1787.90,Efectivo
V000413,2025-04-03,Trujillo,juguetes,Rompecabezas 1000,1,238.26,238.26,Plin
V000414,2025-04-24,Cusco,hogar,Olla antiadherente,2,432.17,864.34,Plin
V001707,2025-06-15,Trujillo,ROPA,Polo algodon,1,228.47,228.47,Efectivo
V001737,2025-06-15,Trujillo, alimentos,Miel de abeja,2,146.08,292.16,Plin
V001642,2025-06-01,Miraflores,Alimentos,Miel de abeja,5,199.62,998.10,Plin
V000295,2025-06-28,Lima Centro,ALIMENTOS,Miel de abeja,1,461.37,461.37,Yape
V000011,2025-06-04,Cusco,Alimentos,Cafe molido 500g,2,466.73,933.46,Yape
V000607,2025-06-04,Trujillo,HOGAR ,Organizador,2,469.39,938.78,Tarjeta
V001911,2025-06-25,Miraflores,Alimentos,Chocolate 70%,2,89.00,178.00,Transferencia
V000968,2025-06-20,Trujillo,Ropa,Jean clasico,5,258.38,1291.90,Plin
V001253,2025-04-22,Trujillo,Juguetes,Peluche mediano,2,445.95,891.90,Yape
V001206,2025-05-04,Trujillo,HOGAR ,Lampara LED,3,249.14,747.42,Tarjeta
V001050,2025-06-16,Lima Centro,ALIMENTOS,Miel de abeja,2,365.29,730.58,Yape
V001577,2025-04-05,Lima Centro,juguetes,Set de bloques,3,366.70,1100.10,Yape
V000141,2025-04-15,Lima Centro,hogar,Lampara LED,5,368.18,1840.90,Yape
V000533,2025-06-11,Lima Centro,HOGAR ,Juego de sabanas,3,427.13,1281.39,Yape
V000620,2025-06-06,Trujillo,ELECTRONICA,Mouse inalambrico,5,214.43,1072.15,Yape
V001765,2025-05-15,Miraflores,Hogar,Organizador,5,14.57,72.85,Transferencia
V000526,2025-06-17,Miraflores,Juguetes,Rompecabezas 1000,2,72.43,144.86,Tarjeta
V001827,2025-05-20,Cusco,Hogar,Olla antiadherente,1,108.67,108.67,Efectivo
V000359,2025-05-18,Miraflores,Juguetes,Peluche mediano,1,355.35,355.35,Tarjeta
V000316,2025-05-08,Arequipa,Juguetes,Peluche mediano,5,78.40,392.00,Tarjeta
V000219,2025-04-15,Lima Centro,ROPA,Zapatillas urbanas,3,232.75,698.25,Efectivo
V000666,2025-06-11,Arequipa,juguetes,Peluche mediano,2,29.47,58.94,Efectivo
V000523,2025-04-15,Arequipa,electronica,Monitor 24,1,41.45,41.45,Yape
V000723,2025-06-14,Trujillo,ropa ,Jean clasico,1,307.89,307.89,
V000784,2025-04-24,Trujillo,juguetes,Set de bloques,1,175.91,175.91,Yape
V000008,2025-04-29,Miraflores, alimentos,Aceite de oliva,2,73.91,147.82,Transferencia
V000147,2025-06-30,Miraflores,ropa ,Casaca impermeable,4,245.35,981.40,Tarjeta
V000732,2025-04-18,Trujillo,juguetes,Rompecabezas 1000,1,129.44,129.44,Plin
V000118,2025-04-11,Cusco,Electronica,Monitor 24,2,159.76,319.52,Yape
V001400,2025-05-30,Lima Centro, Electronica ,Teclado mecanico,3,176.92,530.76,Transferencia
V000597,2025-06-22,Miraflores,hogar,Juego de sabanas,3,206.65,619.95,Efectivo
V000272,2025-05-14,Arequipa,Electronica,Teclado mecanico,1,373.50,373.50,Plin
V001753,2025-05-02,Lima Centro, Electronica ,Mouse inalambrico,3,468.40,1405.20,Yape
V001088,2025-04-15,Miraflores,Hogar,Organizador,1,205.88,205.88,Tarjeta
V001656,2025-06-01,Lima Centro,juguetes,Peluche mediano,2,55.09,110.18,Tarjeta
V000850,2025-06-29,Cusco,ROPA,Zapatillas urbanas,4,184.11,736.44,Plin
V001658,2025-04-19,Cusco,ROPA,Casaca impermeable,1,123.37,123.37,Plin
V001612,2025-06-19,Arequipa,ropa ,Jean clasico,1,45.33,45.33,Efectivo
V001068,2025-05-12,Cusco,,Juego de sabanas,2,106.46,212.92,Plin
V000692,2025-04-07,Arequipa,HOGAR ,Organizador,2,442.72,885.44,Tarjeta
V000915,2025-06-25,Lima Centro,Ropa,Jean clasico,3,283.88,851.64,Tarjeta
V001073,2025-04-30,Trujillo,ropa ,Polo algodon,3,459.80,1379.40,Tarjeta
V000792,2025-04-17,Trujillo,ropa ,Zapatillas urbanas,1,338.94,338.94,Tarjeta
V000108,2025-05-26,Lima Centro,electronica,Mouse inalambrico,5,320.44,1602.20,Transferencia
V000015,2025-04-08,Miraflores, alimentos,Miel de abeja,1,125.01,-170.64,Efectivo
V000012,2025-04-03,Lima Centro,ropa ,Casaca impermeable,3,367.91,1103.73,Transferencia
V000563,2025-06-08,Lima Centro,ropa ,Polo algodon,1,394.84,394.84,Yape
V000883,2025-04-04,Trujillo,,Jean clasico,1,77.52,77.52,Plin
V000964,2025-04-05,Trujillo,Electronica,Mouse inalambrico,1,247.33,247.33,Yape
V000522,2025-04-23,Miraflores,hogar,Lampara LED,2,213.17,426.34,Efectivo
V000353,2025-05-17,Arequipa,electronica,Mouse inalambrico,1,432.86,432.86,Tarjeta
V001979,2025-04-28,Miraflores,Hogar,Olla antiadherente,1,388.30,388.30,Plin
V000205,2025-05-08,Miraflores, alimentos,Aceite de oliva,3,269.03,807.09,Efectivo
V000722,2025-06-20,Trujillo,HOGAR ,Organizador,1,344.31,344.31,Efectivo
V001011,2025-06-22,Lima Centro,Alimentos,Cafe molido 500g,3,339.01,1017.03,Plin
V001820,2025-04-20,Arequipa,Electronica,Cargador USB-C,5,367.63,1838.15,Plin
V000735,2025-05-17,Lima Centro,HOGAR ,Organizador,3,336.73,1010.19,Plin
V001554,2025-05-31,Miraflores,Alimentos,Aceite de oliva,3,201.52,604.56,Yape
V001540,2025-04-03,Trujillo,ropa ,Jean clasico,2,200.89,401.78,
V000672,2025-05-06,Cusco,ELECTRONICA,Mouse inalambrico,5,434.93,2174.65,Plin
V000661,2025-06-05,Cusco,Hogar,Lampara LED,4,452.42,1809.68,Transferencia
V000817,2025-06-01,Lima Centro,Hogar,Juego de sabanas,1,414.73,414.73,Plin
V001940,2025-05-23,Trujillo,ROPA,Polo algodon,3,197.88,-147.42,Efectivo
V001071,2025-04-20,Cusco,HOGAR ,Lampara LED,3,214.79,644.37,Plin
V001899,2025-04-17,Trujillo, Electronica ,Cargador USB-C,5,406.01,2030.05,Plin
V001363,2025-06-27,Miraflores,ROPA,Jean clasico,3,365.61,1096.83,Yape
V001023,2025-06-21,Lima Centro,juguetes,Set de bloques,5,13.47,67.35,Yape
V000677,2025-06-20,Arequipa,Ropa,Casaca impermeable,1,163.39,163.39,Efectivo
V000569,2025-06-14,Cusco,Hogar,Olla antiadherente,3,102.52,307.56,Plin
V001948,2025-04-10,Cusco,ALIMENTOS,Aceite de oliva,1,415.75,415.75,Yape
